,CPI,CPI2,ConstructionSpending,ConstructionSpending2,CrudeOil,CrudeOil2,DATE,Day,Employment,Employment2,FedFundRate,FedFundRate2,GDP,GDP2,HomePrice,HomePrice2,Income,Income2,Loans,Loans2,MonetaryBase,MonetaryBase2,Month,SnP,SnP2,USDollar,USDollar2,Year,long_short,pct_SnP,pct_GDP,pct_MonetaryBase,pct_CPI,pct_HomePrice,pct_Loans,pct_Employment,pct_Income,pct_ConstructionSpending,pct_FedFundRate,pct_USDollar,pct_CrudeOil
0,150.52,150.54,543624.8,543319.6,17.56,17.76,1995-01-04,4.0,114694.9,114727.8,6.59,5.72,7546.257725806451,7547.219451612903,182.94822580645163,182.99645161290323,6150.46,6151.719999999999,431972.2419354839,432145.48387096776,426055.65,425889.3,1.0,459.130005,460.73001100000005,94.3497,94.0717,1995.0,1,1.003484864815141,1.0001274440711405,0.9996095580471706,1.0001328727079457,1.000263603575487,1.0004010487681052,1.0002868479766756,1.0002048627257147,0.9994385833758871,0.8679817905918057,0.9970535147435552,1.0113895216400912
61,151.8,151.815,543096.0,543069.5,19.05,19.11,1995-04-03,3.0,116909.0,116945.15,6.28,6.08,7604.923000000001,7606.510625000001,185.89,185.9346875,6221.9,6222.5599999999995,442540.0,442732.671875,433540.0,433563.4,4.0,500.700012,501.85000599999995,91.5439,91.4422,1995.0,1,1.0022967724634286,1.000208762797467,1.0000539742584307,1.0000988142292488,1.0002403975469365,1.0004353773105257,1.0003092148594206,1.0001060769218406,0.9999512056800272,0.9681528662420382,0.9988890575996872,1.0031496062992125
124,152.6,152.615,547342.0,547524.7,17.33,17.21,1995-07-03,3.0,117113.0,117126.2,5.89,7.41,7706.531,7708.006587301587,188.75,188.77333333333334,6292.3,6293.43,454871.0,455060.55555555556,435915.0,435896.55,7.0,544.75,547.090027,90.0725,90.0939,1995.0,1,1.004295597980725,1.000191472311159,0.9999576752348508,1.0000982961992138,1.0001236203090509,1.000416723764662,1.0001127116545558,1.0001795845716193,1.0003337949581796,1.2580645161290325,1.0002375863887425,0.9930755914598963
187,153.5,153.5095238095238,555132.0,555242.1428571428,17.67,17.56,1995-10-02,2.0,118893.0,118904.38095238095,5.93,5.75,7799.493,7801.028295081967,190.22,190.25524590163934,6369.9,6370.914285714285,466813.0,467043.7049180328,436570.0,436690.14285714284,10.0,584.409973,581.719971,93.3178,93.6475,1995.0,0,0.9953970634926176,1.0001968454977737,1.000275197235593,1.0000620443617187,1.000185290198924,1.0004942127105132,1.0000957243267556,1.0001592310262775,1.0001984084094284,0.9696458684654301,1.0035330880067896,0.9937747594793434
248,154.7,154.7142857142857,575138.0,574800.5714285715,19.83,19.9,1996-01-02,2.0,116431.0,116475.71428571429,6.06,6.93,7893.146,7895.861951612903,192.37,192.37532258064516,6451.9,6454.947619047619,480886.0,481206.5806451613,441733.0,441446.38095238095,1.0,615.929993,620.72998,95.7118,95.6705,1996.0,1,1.007793072353273,1.000344089874038,0.9993511486630633,1.0000923446301597,1.0000276684547755,1.000666645826997,1.000384041069082,1.000472359932364,0.9994133085078216,1.1435643564356437,0.99956849625647,1.0035300050428644
310,156.1,156.11363636363635,590464.0,590905.9090909091,22.29,22.68,1996-04-01,1.0,119013.0,119064.22727272728,5.53,5.29,8061.535,8063.058562499999,192.7,192.7134375,6597.2,6599.068181818182,500762.0,500977.421875,443376.0,443359.54545454547,4.0,645.5,653.72998,96.6247,96.5986,1996.0,1,1.0127497753679318,1.0001889916126394,0.999962888055613,1.0000873565895987,1.0000697327452,1.0004301881432696,1.0004304342611923,1.0002831779873556,1.000748409879195,0.9566003616636528,0.999729882731848,1.0174966352624495
373,157.0,157.0090909090909,599899.0,600083.5454545454,21.48,21.08,1996-07-01,1.0,119767.0,119780.27272727272,7.8,5.29,8159.043000000001,8161.043546875,193.56,193.58375,6683.4,6684.663636363636,514549.0,514744.328125,449831.0,449880.0909090909,7.0,670.630005,675.880005,97.8306,97.932,1996.0,1,1.0078284597480842,1.000245193814397,1.00010913189418,1.0000579038795598,1.0001227009712752,1.0003796103480913,1.0001108212385108,1.0001890708866201,1.0003076275415452,0.6782051282051282,1.0010364855168015,0.9813780260707634
437,158.2,158.22272727272727,621761.0,621717.8636363636,24.35,24.05,1996-10-01,1.0,121524.0,121544.90909090909,5.53,5.24,8287.078000000001,8288.932548387098,195.08,195.10612903225808,6770.9,6772.436363636363,527050.0,527433.3870967742,452496.0,452701.1818181818,10.0,687.3099980000001,689.080017,98.0451,98.044,1996.0,1,1.0025752848134764,1.0002237879729257,1.0004534444905189,1.0001436616480865,1.0001339400874414,1.0007274207319499,1.000172057296576,1.0002269068567493,0.9999306222750601,0.9475587703435805,0.9999887806733839,0.9876796714579055
499,159.4,159.4142857142857,608608.0,608932.1428571428,25.55,25.55,1997-01-02,2.0,119421.0,119462.0,5.79,5.17,8402.06,8404.517049180327,196.7,196.72704918032787,6891.3,6893.1,550820.0,551428.8852459016,462505.0,462381.61904761905,1.0,740.73999,737.01001,99.217,99.5001,1997.0,0,0.9949645218965428,1.0002924341388097,0.9997332332571952,1.0000896217960207,1.0001375148974472,1.001105416008681,1.000343323201112,1.0002611989029646,1.000532597102146,0.8929188255613126,1.0028533416652388,1.0
559,159.9,159.9,616175.0,616564.4545454546,20.3,19.55,1997-04-01,1.0,122140.0,122189.13636363637,6.18,5.5,8551.94,8554.124625,198.35,198.39249999999998,6980.5,6981.777272727273,587962.0,588275.578125,465478.0,465548.9090909091,4.0,757.119995,759.6400150000001,102.4254,102.5463,1997.0,1,1.0033284288047366,1.000255453733305,1.0001523360736901,1.0,1.000214267708596,1.0005333305978958,1.000402295428495,1.0001829772548203,1.0006320518447755,0.8899676375404532,1.001180371275094,0.9630541871921182
623,160.4,160.41818181818184,637410.0,637509.2272727273,20.11,20.39,1997-07-01,1.0,122886.0,122889.09090909091,6.24,5.54,8691.756,8693.2648125,201.07,201.11078125,7079.7,7081.822727272727,608031.0,608454.625,473111.0,473166.0909090909,7.0,885.1400150000001,891.0300289999999,102.2232,102.5972,1997.0,1,1.0066543302756454,1.0001735912167806,1.000116443940409,1.0001133529811834,1.000202821156811,1.000696716121382,1.0000251526544188,1.0002998329410466,1.0001556726011944,0.8878205128205128,1.0036586606562894,1.0139234211834909
687,161.5,161.5090909090909,653196.0,652764.8181818182,21.02,21.82,1997-10-01,1.0,124861.0,124878.90909090909,5.65,5.52,8788.32,8789.955677419355,203.68,203.72903225806454,7210.7,7213.013636363637,635143.0,635477.7419354839,477667.0,477982.95454545453,10.0,947.2800289999999,955.409973,105.9233,105.9414,1997.0,1,1.008582408317615,1.0001861194653079,1.0006614535763503,1.000056290458767,1.0002407318247473,1.0005270339679158,1.0001434322239058,1.0003208615479269,0.9993398890713021,0.9769911504424778,1.0001708783619847,1.0380589914367269
749,162.0,162.0,645686.0,645807.75,17.41,16.95,1998-01-02,2.0,122842.0,122880.8,6.06,5.51,8889.732,8891.453409836065,206.72,206.7506557377049,7373.5,7375.855,655897.0,656445.131147541,491235.0,491094.25,1.0,970.429993,975.0399779999999,114.3593,115.5152,1998.0,1,1.0047504560176963,1.0001936402397806,0.999713477256303,1.0,1.0001482959447798,1.0008356969883092,1.0003158528841927,1.0003193869939648,1.0001885591448474,0.9092409240924093,1.010107616958131,0.9735784032165422
810,162.2,162.21818181818182,674351.0,674349.8181818182,15.69,16.04,1998-04-01,1.0,125382.0,125431.27272727272,5.72,5.45,8994.738000000001,8997.109609375002,208.59,208.6353125,7505.6,7507.640909090909,689333.0,689703.21875,494118.0,494168.5909090909,4.0,1101.75,1108.150024,114.6617,114.7642,1998.0,1,1.005808962105741,1.0002636663096802,1.0001023862905032,1.000112095056608,1.0002172323697205,1.000537068078853,1.0003929808686471,1.0002719181798803,0.9999982474732272,0.9527972027972029,1.000893934068656,1.0223072020395156
873,163.2,163.2090909090909,696540.0,696613.4545454546,14.47,14.58,1998-07-01,1.0,126057.0,126068.0,6.35,5.62,9146.521,9149.319890625,211.49,211.5290625,7620.9,7622.722727272727,713027.0,713425.21875,502446.0,502556.0,7.0,1133.839966,1148.560059,117.6035,118.2172,1998.0,1,1.0129825137950728,1.0003060060349722,1.0002189289993353,1.0000557040998217,1.0001847014043217,1.0005584904218214,1.0000872621115844,1.0002391748051709,1.0001054563204619,0.8850393700787402,1.0052183821059748,1.0076019350380097
937,163.9,163.90952380952382,707943.0,707938.3333333334,15.52,15.71,1998-10-01,1.0,127887.0,127906.19047619047,5.73,5.39,9325.65,9327.608919354838,213.99,214.02645161290323,7717.1,7718.890476190477,738513.0,739086.6451612903,512552.0,512828.04761904763,10.0,1017.01001,986.3900150000001,117.8309,117.827,1998.0,0,0.969892139999684,1.0002100571386272,1.000538574854937,1.0000581074406578,1.0001703425996693,1.0007767570256587,1.0001500580683766,1.0002320141232428,0.9999934081321991,0.9406631762652704,0.9999669017210256,1.0122422680412373
999,164.7,164.7,708818.0,709738.5263157894,12.42,12.04,1999-01-04,4.0,125708.0,125760.0,5.04,4.54,9447.103000000001,9448.904672131148,216.25,216.29754098360655,7813.3,7814.8263157894735,774079.0,774270.3114754099,527870.0,527791.947368421,1.0,1229.22998,1228.099976,113.1705,112.9709,1999.0,0,0.9990807220630918,1.0001907116002808,0.9998521366405005,1.0,1.0002198426987585,1.000247147223229,1.0004136570464888,1.0001953484173747,1.00129867796217,0.9007936507936508,0.9982362894924031,0.9694041867954911
1060,165.9,165.9090909090909,728788.0,728658.0,16.65,16.94,1999-04-01,1.0,128555.0,128633.90909090909,5.41,4.76,9557.005,9561.85734375,219.15,219.24687500000002,7882.1,7884.272727272728,785749.0,786131.625,535171.0,535666.3636363636,4.0,1286.369995,1293.719971,117.1884,117.5436,1999.0,1,1.005713734017871,1.0005077264006874,1.0009256174874268,1.000054797523152,1.0004420488250056,1.0004869557581364,1.000613815805757,1.0002756533503416,0.9998216216512895,0.8798521256931607,1.0030310167217915,1.0174174174174175
1123,166.7,166.71904761904761,745815.0,745610.6666666666,19.39,19.7,1999-07-01,1.0,129280.0,129282.66666666667,5.76,4.82,9712.28,9715.620953125,222.25,222.2859375,7972.2,7974.633333333333,797993.0,798037.40625,548817.0,548938.1428571428,7.0,1372.709961,1380.959961,117.3922,117.292,1999.0,1,1.0060100095682194,1.0003439926695894,1.0002207345201457,1.0001142628617135,1.0001616985376827,1.0000556474179598,1.0000206270627063,1.0003052273316442,0.9997260267850159,0.8368055555555556,0.9991464509567075,1.0159876224858173
1187,168.1,168.115,759906.0,760970.65,24.51,23.71,1999-10-01,1.0,131049.0,131072.05,5.26,5.23,9926.101,9927.821163934426,224.55,224.62032786885246,8117.0,8120.355,800835.0,801408.8852459016,564665.0,565569.65,10.0,1282.709961,1282.810059,114.822,115.0237,1999.0,1,1.0000780363472985,1.0001732970412478,1.0016021003603908,1.000089232599643,1.0003131946954016,1.0007166085971537,1.0001758884081526,1.0004133300480473,1.0014010285482677,0.9942965779467682,1.0017566320043199,0.9673602611179111
1248,169.3,169.335,784940.0,785379.85,25.76,25.56,2000-01-03,3.0,129005.0,129038.1,5.43,5.38,10031.030999999999,10034.956539682538,228.84,228.89904761904762,8385.0,8388.06,835842.0,836179.3650793651,601868.0,600676.1,1.0,1469.25,1455.219971,114.4677,114.3515,2000.0,0,0.9904508905904373,1.0003913396023338,0.9980196654415918,1.0002067336089782,1.0002580301479096,1.0004036230284732,1.0002565792023566,1.000364937388193,1.0005603613015006,0.990791896869245,0.9989848664732497,0.9922360248447204
1311,170.9,170.915,804766.0,804777.95,26.28,25.46,2000-04-03,3.0,131762.0,131809.8,6.15,5.98,10278.34,10279.576015625,232.56,232.62609375,8535.9,8537.625,857096.0,857289.40625,578588.0,578686.4,4.0,1498.579956,1505.97998,116.4968,116.5227,2000.0,1,1.0049380241410355,1.0001202544014889,1.0001700692029563,1.000087770626097,1.0002842008513932,1.0002256529606952,1.0003627753069928,1.000202087653323,1.0000148490368628,0.9723577235772358,1.000222323703312,0.9687975646879756
1374,172.7,172.7,783795.0,784872.3,32.44,30.76,2000-07-03,3.0,132011.0,132011.6,7.03,6.52,10357.445,10359.267857142857,236.79,236.84809523809523,8685.8,8687.804999999998,869474.0,869780.0,584222.0,584182.05,7.0,1454.599976,1469.540039,118.2923,118.6563,2000.0,1,1.0102709083229078,1.0001759948658049,0.999931618460106,1.0,1.0002453449811868,1.0003519369181828,1.0000045450757893,1.0002308365377972,1.0013744665378066,0.9274537695590326,1.003077123363059,0.9482120838471024
1437,173.9,173.9142857142857,816100.0,816288.2857142857,32.05,31.86,2000-10-02,2.0,133249.0,133266.38095238095,6.68,6.46,10472.285,10472.872475409837,240.45,240.54704918032786,8788.2,8788.628571428571,888752.0,888169.8524590164,585252.0,585491.2857142857,10.0,1436.52002,1436.22998,121.5949,121.7589,2000.0,0,0.9997980954000211,1.0000560981113327,1.0004088592850355,1.0000821490183192,1.0004036148069364,0.9993449831437976,1.0001304396459332,1.0000487666903997,1.0002307140231415,0.9670658682634731,1.0013487407777792,0.9940717628705149
1498,175.6,175.61904761904762,814479.0,814439.380952381,27.29,27.93,2001-01-02,2.0,130681.0,130712.76190476191,6.67,6.35,10508.121000000001,10510.222016129033,246.37,246.4366129032258,8923.2,8925.104761904762,853241.0,853079.7258064516,598666.0,598533.0,1.0,1320.280029,1283.27002,122.1436,122.2,2001.0,0,0.9719680611786334,1.000199942133235,0.9997778393962576,1.0001084716346675,1.0002703774941177,0.9998109863525682,1.0002430491407466,1.0002134617519232,0.9999513565756526,0.952023988005997,1.0004617515776513,1.0234518138512276
1560,176.4,176.44285714285715,842392.0,842666.0,25.7,26.65,2001-04-02,2.0,132349.0,132382.66666666666,5.3,5.1,10638.383999999998,10638.401218749997,250.5,250.56078125,8995.9,8995.92857142857,843242.0,842736.125,601727.0,601926.619047619,4.0,1160.329956,1145.869995,127.6178,127.1078,2001.0,0,0.9875380611133683,1.000001618549396,1.000331743544197,1.000242954324587,1.0002426397205588,0.9994000832501228,1.0002543779451802,1.0000031760500419,1.0003252642475238,0.9622641509433962,0.996003692274902,1.036964980544747
1623,177.4,177.4,850471.0,850327.8571428572,26.02,26.28,2001-07-02,2.0,131946.0,131942.66666666666,4.11,3.69,10639.486,10640.467444444444,254.39,254.44,8999.7,8999.404761904763,810866.0,810771.1111111111,615984.0,616290.8095238095,7.0,1224.420044,1236.709961,127.4801,127.4417,2001.0,1,1.0100373373175522,1.000092245475434,1.0004980803459333,1.0,1.0001965486064703,0.999882978335645,0.999974737139941,0.999967194673685,0.9998316899022508,0.8978102189781021,0.9996987765149228,1.0099923136049194
1682,177.6,177.59545454545454,845941.0,845848.7272727273,23.12,22.7,2001-10-01,1.0,132344.0,132335.4090909091,3.02,2.35,10701.317,10703.46422580645,257.54,257.59967741935486,9009.0,9009.309090909092,804888.0,804480.6774193548,635154.0,635349.9545454546,10.0,1040.939941,1038.550049,126.4214,126.5273,2001.0,0,0.9977041019314676,1.0002006506121117,1.0003085150143973,0.9999744062244063,1.0002317209728775,0.9994939388080761,0.9999350865238249,1.0000343091252182,0.9998909229753934,0.7781456953642385,1.0008376746341996,0.981833910034602
1744,177.7,177.7142857142857,858654.0,858829.4285714285,21.13,20.65,2002-01-02,2.0,128890.0,128912.47619047618,1.92,1.72,10834.445,10836.08937704918,261.24,261.3127868852459,9047.8,9048.271428571428,779634.0,779135.8360655737,653760.0,653801.8571428572,1.0,1148.079956,1154.670044,127.7848,127.8841,2002.0,1,1.0057400949869035,1.0001517730764409,1.00006402524299,1.0000803923144947,1.0002786207519747,0.9993610284640918,1.0001743827331537,1.0000521042210735,1.0002043064743524,0.8958333333333334,1.0007770877287439,0.9772834831992427
1804,179.3,179.3090909090909,858240.0,857907.9545454546,26.82,27.75,2002-04-01,1.0,130558.0,130593.04545454546,1.88,1.74,10934.752,10936.350515625001,265.68,265.7621875,9115.8,9116.731818181817,749246.0,748885.1875,663401.0,663637.5909090909,4.0,1147.390015,1146.540039,129.1306,129.1164,2002.0,0,0.999259209171347,1.000146186728789,1.0003566333320133,1.0000507022258276,1.0003093477115326,0.9995184325308377,1.0002684282429684,1.000102220121308,0.9996131088570267,0.9255319148936171,0.9998900338107313,1.034675615212528
1868,180.0,180.02272727272728,847129.0,846759.8636363636,26.79,26.83,2002-07-01,1.0,130270.0,130273.90909090909,1.83,1.72,11037.056999999999,11038.100390624999,270.94,271.00015625,9159.7,9160.254545454547,726154.0,725924.1875,679310.0,679330.6818181818,7.0,989.820007,968.650024,124.1102,124.4378,2002.0,0,0.9786122902646077,1.0000945352212098,1.0000304453315596,1.0001262626262626,1.0002220279397651,0.9996835209886608,1.0000300076065793,1.0000605418795971,0.9995642501158191,0.9398907103825136,1.002639589655,1.0014930944382232
1932,181.2,181.21363636363634,839690.0,839917.5909090909,30.71,30.59,2002-10-01,1.0,131546.0,131551.5,1.85,1.75,11103.833999999999,11105.870193548386,274.79,274.84387096774196,9219.0,9220.077272727272,711446.0,711402.7419354839,681855.0,682156.7727272727,10.0,815.280029,843.7700199999999,126.807,126.7975,2002.0,1,1.0349450372713593,1.0001833775206281,1.0004425761008906,1.0000752558699577,1.0001960441345825,0.9999391969811958,1.0000418104693416,1.00011685353371,1.0002710415856935,0.9459459459459459,0.9999250830001498,0.9960924780201889
1994,182.6,182.64761904761903,863855.0,863634.5238095238,31.97,33.26,2003-01-02,2.0,128577.0,128596.85714285714,1.3,1.12,11230.078000000001,11232.382508196722,278.13,278.18557377049177,9276.3,9276.971428571427,708764.0,708639.1803278689,699262.0,699342.7619047619,1.0,879.820007,909.0300289999999,124.6288,124.3076,2003.0,1,1.0331999974626627,1.00020520856549,1.0001154959153535,1.0002607833933135,1.0001998122118858,0.999823891066517,1.0001544377521419,1.0000723810755827,0.9997447763913201,0.8615384615384616,0.9974227465882685,1.0403503284329059
2055,183.2,183.18636363636364,859459.0,859793.3181818182,29.48,28.55,2003-04-01,1.0,130148.0,130182.59090909091,1.29,1.19,11370.653,11374.629312500001,281.52,281.58734375,9367.8,9370.613636363636,701150.0,700982.671875,709552.0,709741.0454545454,4.0,848.179993,858.4799800000001,122.3463,122.7489,2003.0,1,1.0121436335270881,1.000349699573103,1.0002664293167314,0.9999255657006749,1.0002392147982382,0.999761351886187,1.0002657813342573,1.000300351882367,1.0003889867716997,0.9224806201550387,1.0032906593824251,0.9684531886024423
2118,183.7,183.73636363636362,891264.0,891744.6818181818,30.41,30.29,2003-07-01,1.0,129899.0,129901.45454545454,1.11,1.01,11625.136999999999,11628.132156249998,285.83,285.95640625,9510.8,9512.65,690441.0,690329.34375,717614.0,717764.3636363636,7.0,974.5,982.320007,117.5105,117.3036,2003.0,1,1.0080246351975373,1.000257644813132,1.0002095327520975,1.0001979512050279,1.0004422427666795,0.9998382827062703,1.0000188957994638,1.0001945157084577,1.000539325966472,0.9099099099099098,0.9982393062747585,0.9960539296284117
2182,184.9,184.90454545454546,925732.0,925743.5,29.43,29.83,2003-10-01,1.0,131401.0,131408.45454545456,1.11,1.02,11816.827,11819.59435483871,293.92,293.99387096774194,9628.7,9632.163636363637,683295.0,683188.7741935484,724756.0,725023.3181818182,10.0,995.9699710000001,1018.2199710000001,116.4943,116.457,2003.0,1,1.022340030972681,1.0002341876409555,1.000368838866899,1.0000245833128472,1.0002513301842064,0.999844538879325,1.0000567312688227,1.0003597200415046,1.0000124226017897,0.9189189189189189,0.9996798126603619,1.0135915732246008
2244,186.3,186.32000000000002,938826.0,938817.5,32.51,33.71,2004-01-02,2.0,128726.0,128756.55,1.01,0.97,11988.403,11991.515822580646,298.5,298.6166129032258,9766.9,9768.795,676709.0,676779.6612903225,736438.0,736380.45,1.0,1111.920044,1108.47998,113.0989,112.4568,2004.0,0,0.9969061948126912,1.000259652814528,0.9999218535708368,1.0001073537305423,1.0003906629923813,1.0001044190195822,1.0002373257927692,1.0001940226684005,0.9999909461391142,0.9603960396039604,0.9943226680365591,1.036911719470932
2306,187.4,187.43636363636364,967761.0,968051.7727272727,34.47,34.39,2004-04-01,1.0,131494.0,131535.04545454544,1.03,1.0,12181.398000000001,12184.309656250001,305.73,305.91296875,9901.5,9905.486363636364,681090.0,681081.09375,741207.0,741381.1818181818,4.0,1126.209961,1132.170044,113.0473,113.7859,2004.0,1,1.0052921597272215,1.0002390248024078,1.0002349975353468,1.0001940428834772,1.0005984651489876,0.9999869235343347,1.0003121469766334,1.0004026019932701,1.0003004592324682,0.970873786407767,1.006533548346577,0.9976791412822745
2368,189.1,189.1047619047619,1006119.0,1006481.1428571428,38.56,38.37,2004-07-01,1.0,131682.0,131682.95238095237,1.4,1.25,12367.743999999999,12370.781796874999,317.44,317.545625,10070.3,10072.566666666666,680520.0,680735.125,757304.0,757298.1428571428,7.0,1140.839966,1128.939941,115.3326,114.8343,2004.0,0,0.9895690672183202,1.0002456225545258,0.9999922657970153,1.000025181939513,1.0003327400453628,1.000316118556398,1.0000072324307983,1.0002250843238698,1.0003599403819456,0.8928571428571429,0.9956794522970955,0.9950726141078837
2432,190.8,190.845,1015562.0,1015944.4,50.16,49.85,2004-10-01,1.0,133398.0,133410.55,1.86,1.77,12562.163,12566.287032786886,324.2,324.32245901639345,10196.6,10197.355,694288.0,694580.9016393443,763876.0,764206.85,10.0,1114.579956,1131.5,113.722,114.2391,2004.0,1,1.0151806462236432,1.0003282900235322,1.000433120035189,1.0002358490566037,1.000377726762472,1.0004218734002954,1.0000940793715047,1.0000740442892728,1.00037654028016,0.9516129032258064,1.0045470533406025,0.9938197767145136
2493,191.6,191.64,1045913.0,1046936.05,42.16,43.96,2005-01-03,3.0,130713.0,130754.15,2.31,2.25,12813.729,12816.315354838709,331.67,331.84080645161293,10313.5,10315.445,712155.0,712872.4354838709,775222.0,775105.0,1.0,1211.920044,1202.079956,108.5096,109.4157,2005.0,0,0.9918805798709937,1.0002018424799455,0.9998490754906336,1.0002087682672234,1.0005149891507008,1.001007414795755,1.0003148118396792,1.0001885877733068,1.0009781406292875,0.974025974025974,1.0083504132353267,1.0426944971537002
2554,193.7,193.6952380952381,1080952.0,1081550.2857142857,57.26,56.86,2005-04-01,1.0,133589.0,133627.7142857143,2.83,2.78,12974.083,12977.69803125,342.26,342.42140625,10469.3,10471.890476190476,756636.0,756787.359375,775537.0,775576.0,4.0,1180.589966,1172.790039,110.0729,110.4265,2005.0,0,0.9933931955847234,1.000278634817582,1.0000502877361106,0.9999754160827987,1.0004715895810203,1.0002000425237498,1.0002898014485795,1.0002474354723312,1.0005534803712706,0.9823321554770317,1.0032124164985206,0.9930143206426826
2618,194.9,194.96,1118698.0,1119238.25,59.11,59.71,2005-07-01,1.0,134011.0,134023.5,3.36,3.27,13205.445,13208.197875,352.59,352.715,10640.3,10643.38,766323.0,766672.921875,782860.0,782853.35,7.0,1191.329956,1194.439941,112.569,112.885,2005.0,1,1.0026105152349583,1.0002084651444916,0.9999915055054543,1.0003078501795792,1.000354519413483,1.0004566245238626,1.0000932759251107,1.0002894655225887,1.0004829274746179,0.9732142857142858,1.0028071671596976,1.0101505667399764
2682,199.1,199.04999999999998,1160818.0,1161404.75,65.36,63.74,2005-10-03,3.0,135617.0,135644.85,3.87,3.75,13381.628999999999,13386.010557377049,360.59,360.6839344262295,10826.0,10828.605,788718.0,789073.5409836066,787216.0,787528.8,10.0,1228.810059,1226.699951,111.4002,111.4271,2005.0,0,0.9982828037705704,1.000327430791651,1.000397349647365,0.9997488699146158,1.0002605020278696,1.0004507834024412,1.000205357735387,1.000240624422686,1.000505462527287,0.9689922480620154,1.00024147173883,0.9752141982864138
2743,199.3,199.305,1195698.0,1196166.1,63.11,63.41,2006-01-03,3.0,133320.0,133366.25,4.34,4.22,13648.903999999999,13651.337709677418,366.32,366.3801612903226,11154.6,11157.695,810406.0,811092.1451612903,804172.0,804206.15,1.0,1248.290039,1268.800049,111.0199,110.4728,2006.0,1,1.0164304843900145,1.0001783080661582,1.0000424660396035,1.0000250878073256,1.0001642315197712,1.0008466684122406,1.0003469096909692,1.000277464005881,1.00039148681356,0.9723502304147466,0.9950720546496619,1.0047536048169863
2805,200.7,200.73,1192849.0,1192241.5,66.07,65.75,2006-04-03,3.0,136140.0,136180.3,4.87,4.76,13799.794,13801.4925,370.05,370.09781250000003,11304.7,11305.415,852947.0,853160.828125,809191.0,809359.5,4.0,1302.880005,1297.810059,110.6597,110.1568,2006.0,0,0.9961086623629625,1.000123081547449,1.0002082326669477,1.0001494768310912,1.0001292055127686,1.0002506933314732,1.000296018804172,1.0000632480295806,0.9994907150863186,0.9774127310061601,0.9954554368031,0.9951566520357198
2868,202.9,202.945,1157784.0,1157197.25,73.94,75.2,2006-07-03,3.0,136273.0,136283.3,5.25,5.25,13908.498,13911.003904761905,373.11,373.1704761904762,11402.6,11404.26,866632.0,867324.4444444445,811505.0,811415.45,7.0,1270.060059,1280.050049,108.0832,108.3693,2006.0,1,1.0078657618820528,1.0001801707676778,0.9998896494784382,1.0002217841301133,1.0001620867585328,1.0007990063192271,1.0000755835712136,1.0001455808324418,0.9994932128963606,1.0,1.0026470348768355,1.017040843927509
2931,201.9,201.9047619047619,1123281.0,1123232.5238095238,60.96,58.64,2006-10-02,2.0,137849.0,137867.33333333334,5.33,5.25,14066.37,14069.105344262296,376.92,376.94229508196725,11527.9,11530.571428571428,910256.0,910569.1967213114,809839.0,810169.8095238095,10.0,1335.819946,1331.319946,107.9746,108.1703,2006.0,0,0.996631282521664,1.0001944598544112,1.0004084880128143,1.0000235854619213,1.000059150700327,1.0003440754263762,1.0001329957658984,1.0002317359251405,0.9999568441107112,0.9849906191369606,1.0018124633015544,0.9619422572178478
2992,203.47457142857144,203.51214285714286,1138428.1904761905,1138444.380952381,58.31,55.65,2007-01-03,3.0,135366.95238095237,135399.90476190476,5.28,5.24,14236.275790322581,14239.325580645162,378.27596774193546,378.27193548387095,11745.190476190475,11748.980952380953,929943.5483870967,930526.0967741936,822838.2857142857,822698.5714285715,1.0,1418.030029,1416.599976,106.9488,107.3545,2007.0,0,0.9989915213565621,1.0002142266957665,0.9998302044421853,1.0001846492576818,0.9999893404328893,1.000626434140123,1.0002434300275864,1.0003227258168492,1.000014221780808,0.9924242424242424,1.0037934039465612,0.9543817527010804
3053,205.90400000000002,205.94452380952384,1150637.0,1151160.238095238,66.03,64.59,2007-04-02,2.0,137730.0,137774.90476190476,5.25,5.2,14422.313,14424.61553125,378.03,377.96406249999995,11925.5,11926.852380952381,965479.0,966738.734375,822978.0,823107.5238095238,4.0,1420.829956,1424.27002,106.0646,106.1272,2007.0,1,1.0024211651686206,1.0001596506226151,1.0001573842915896,1.000196809238887,0.9998255760124858,1.0013047765668648,1.0003260347194132,1.000113402452927,1.000454737762855,0.9904761904761905,1.000590206345944,0.9781917310313494
3116,207.60299999999998,207.6060476190476,1155029.0,1155207.5714285714,71.11,71.41,2007-07-02,2.0,137778.0,137783.33333333334,5.31,5.24,14569.675,14571.510793650792,373.81,373.7915873015873,12011.5,12012.257142857143,1046102.0,1047485.6507936508,828938.0,828969.619047619,7.0,1504.660034,1519.119995,103.4042,103.4512,2007.0,1,1.0096101183478368,1.0001260010021358,1.000038144044089,1.0000146800337548,0.9999507431625352,1.001322672926398,1.0000387096149845,1.0000630348297168,1.000154603415647,0.9868173258003767,1.0004545269921337,1.0042188159189986
3179,209.19,209.26472727272727,1153031.0,1152154.3636363635,80.31,80.0,2007-10-01,1.0,139198.0,139212.18181818182,4.92,4.78,14685.33,14685.057661290322,372.65,372.60661290322577,12121.5,12123.936363636363,1133272.0,1133591.7419354839,829039.0,829278.8181818182,10.0,1527.290039,1546.959961,100.5314,100.7605,2007.0,1,1.012878969611351,0.9999814550500616,1.0002892724972146,1.0003572220121768,0.9998835714563955,1.000282140505972,1.0001018823415697,1.0002009952263633,0.9992397113662717,0.9715447154471545,1.0022788899786532,0.9961399576640517
3241,212.174,212.19842857142856,1111225.0,1110594.3333333333,99.64,99.17,2008-01-02,2.0,136268.0,136292.7142857143,4.11,4.25,14668.445,14670.776112903226,369.96,369.81,12313.6,12315.92380952381,1153096.0,1153197.1129032257,830632.0,830579.380952381,1.0,1467.969971,1447.550049,98.6871,98.5389,2008.0,0,0.9860896868441459,1.000158920247049,0.9999366517933104,1.000115134613235,0.9995945507622447,1.0000876881918122,1.0001813652927634,1.000188718938719,0.9994324581730372,1.0340632603406326,0.9984982839702453,0.9952830188679246
3302,213.942,213.99954545454545,1101713.0,1101693.4090909092,100.92,104.83,2008-04-01,1.0,137914.0,137940.0909090909,2.38,2.18,14812.973999999998,14813.442890624998,360.66,360.48312500000003,12417.1,12443.131818181819,1159365.0,1159091.28125,830234.0,830435.8636363636,4.0,1326.410034,1369.959961,95.9567,95.8506,2008.0,1,1.032832929398663,1.0000316540503615,1.0002431406523506,1.0002689768934825,0.9995095796595131,0.9997639063194076,1.0001891824549423,1.00209644910501,0.9999822177744196,0.9159663865546219,0.9988942929467145,1.0387435592548553
3366,219.016,219.0011818181818,1087047.0,1086232.1818181819,141.06,143.74,2008-07-01,1.0,137203.0,137198.04545454544,2.11,1.95,14842.983,14838.40434375,349.34,349.29015625,12608.2,12603.127272727274,1141847.0,1142547.890625,847018.0,847045.7272727273,7.0,1276.689941,1285.819946,95.7894,95.4099,2008.0,1,1.007151309575486,0.9996915272186191,1.0000327351635117,0.9999323420123727,0.9998573202324383,1.0006138218386527,0.999963888942264,0.9995976644348339,0.9992504296669619,0.9241706161137441,0.9960381837656358,1.0189990075145328
3430,216.995,216.82036363636365,1056692.0,1055719.9545454546,98.23,93.84,2008-10-01,1.0,137442.0,137411.04545454544,1.15,0.67,14549.948999999999,14547.270548387096,346.15,346.19112903225806,12482.9,12479.463636363636,1186704.0,1185967.2903225806,1136412.0,1150313.7727272727,10.0,1164.170044,1160.640015,101.5044,102.3529,2008.0,0,0.9969677720035889,0.9998159133332424,1.0122330393618448,0.999195205587058,1.000118818524507,0.9993791967690179,0.999774781031602,0.9997247143182784,0.9990801052203051,0.582608695652174,1.0083592435401816,0.9553089687468187
3492,211.933,211.9716,969117.0,968935.4,46.17,48.61,2009-01-02,2.0,132042.0,132030.3,0.08,0.11,14383.885,14383.172409836066,348.7,348.54885245901636,12146.5,12141.195,1141028.0,1140323.786885246,1712014.0,1704498.25,1.0,902.98999,929.169983,107.2648,107.613,2009.0,1,1.02899256170049,0.9999504591309001,0.995609995011723,1.0001821330326093,0.999566539888203,0.9993828257371825,0.9999113918298722,0.999563248672457,0.9998126129249616,1.375,1.0032461720900054,1.052848169807234
3553,212.709,212.72322727272729,927456.0,926831.9545454546,48.46,52.61,2009-04-01,1.0,131859.0,131871.4090909091,0.16,0.16,14340.417,14341.10025,339.48,339.3396875,12037.3,12045.66818181818,1098071.0,1096867.15625,1753246.0,1754239.5454545454,4.0,793.590027,814.530029,110.8879,109.6439,2009.0,1,1.026386422822322,1.0000476450580202,1.0005666891323552,1.0000668860872237,0.9995866840461883,0.9989036740338284,1.000094108789761,1.0006951876100272,0.9993271427921697,1.0,0.9887814630811838,1.0856376392901361
3616,214.726,214.75868181818183,906087.0,905526.0454545454,69.32,66.68,2009-07-01,1.0,130353.0,130347.45454545454,0.2,0.17,14384.145,14386.994468750001,330.5,330.46171875,12054.2,12054.368181818183,1021025.0,1020029.09375,1673598.0,1675287.7727272727,7.0,920.820007,921.23999,104.5734,105.2082,2009.0,1,1.0004560967363951,1.0001980978883347,1.0010096646430462,1.0001522024262635,0.999884171709531,0.9990246015033912,0.9999574581747604,1.000013952134375,0.9993809043221517,0.85,1.0060703773617383,0.9619157530294289
3680,216.50900000000001,216.54352380952383,866972.0,866349.3333333334,70.67,69.8,2009-10-01,1.0,131188.0,131190.2857142857,0.11,0.13,14566.511,14568.358612903226,328.05,327.98645161290324,12081.1,12083.771428571428,957287.0,957044.3548387097,1936314.0,1940518.4761904762,10.0,1054.910034,1029.709961,102.3871,102.4666,2009.0,0,0.9761116377816158,1.0001268397698821,1.0021713813929334,1.000159456694751,0.9998062844471978,0.9997465283020763,1.0000174231963725,1.0002211246137709,0.9992817914919205,1.1818181818181819,1.000776465003892,0.9876892599405688
3742,217.488,217.47710526315788,814452.0,814125.3157894737,81.52,81.74,2010-01-04,4.0,127820.0,127842.8947368421,0.12,0.12,14681.063,14684.46524590164,324.11,324.0626229508197,12235.9,12234.710526315788,942243.0,941555.4262295082,1994962.0,2001289.3684210526,1.0,1116.560059,1132.660034,101.1226,100.9582,2010.0,1,1.0144192646604424,1.0002317438390966,1.0031716736564669,0.9999499064921186,0.9998538241671644,0.9992702797786858,1.000179117014881,0.9999027882146625,0.9995988907749919,1.0,0.9983742506620676,1.0026987242394505
3803,217.403,217.39272727272726,825199.0,824893.0,84.53,86.36,2010-04-01,1.0,130212.0,130313.63636363637,0.17,0.2,14888.6,14893.883125,321.22,321.315625,12344.8,12353.318181818182,900301.0,899881.53125,2014449.0,2014256.4545454546,4.0,1171.22998,1178.709961,101.5287,101.5202,2010.0,1,1.0063864323213447,1.0003548436387573,0.9999044178062858,0.9999527479967032,1.0002976931697902,0.9995340794356554,1.0007805452925718,1.000690021856829,0.999629180355284,1.1764705882352942,0.9999162798302352,1.0216491186560983
3866,217.605,217.62014285714284,796903.0,796972.380952381,72.95,72.06,2010-07-01,1.0,130111.0,130114.04761904762,0.17,0.18,15057.66,15060.3560625,324.28,324.24296875,12497.8,12500.914285714285,886878.0,887165.34375,1994298.0,1994267.8095238095,7.0,1031.099976,1027.650024,104.5502,104.3785,2010.0,0,0.9966541052465314,1.0001790492347415,0.999984861602333,1.0000695887371285,0.9998858047058098,1.0003239946757052,1.0000234232236138,1.0002491867140044,1.0000870632340209,1.0588235294117645,0.9983577267188394,0.987799862919808
3930,219.035,219.06275,798831.0,798799.85,81.57,81.43,2010-10-01,1.0,131641.0,131656.3,0.2,0.2,15230.208,15230.341819672132,321.91,321.7652459016394,12636.5,12639.49,905268.0,905540.5409836066,1961720.0,1962290.95,10.0,1143.48999,1144.959961,99.4269,99.5897,2010.0,1,1.0012855127835443,1.0000087864638574,1.0002910456130334,1.0001266920811742,0.9995503274258003,1.0003010611041223,1.0001162251882012,1.0002366161516243,0.9999610055193151,1.0,1.001637383846826,0.9982836827264927
3991,221.187,221.22255,754710.0,754825.45,91.59,89.39,2011-01-03,3.0,128778.0,128818.7,0.19,0.18,15238.371000000001,15241.960596774195,313.08,312.99225806451614,13019.1,13022.675000000001,921893.0,922460.4032258064,2047917.0,2056101.4,1.0,1257.619995,1272.949951,98.38,98.7752,2011.0,1,1.0121896567015063,1.0002355630253519,1.0039964510280446,1.000160723731503,0.9997197459579538,1.0006154762275083,1.000316047772135,1.0002745965542934,1.0001529726649971,0.9473684210526315,1.004017076641594,0.9759799104705753
4053,224.093,224.12695238095236,768555.0,768909.4761904762,107.55,108.14,2011-04-01,1.0,131715.0,131747.57142857142,0.11,0.09,15460.926000000001,15462.897859375002,307.64,307.67609375,13147.9,13149.671428571428,957072.0,957591.109375,2496574.0,2499936.4285714286,4.0,1329.47998,1333.560059,96.1664,96.1901,2011.0,1,1.003068928499397,1.0001275382454453,1.0013468171067346,1.0001515102254528,1.0001173246326875,1.0005423932316482,1.000247287162217,1.0001347309130302,1.000461224233108,0.8181818181818181,1.0002464478237723,1.0054858205485822
4116,225.395,225.43055,792089.0,792752.85,94.81,96.92,2011-07-01,1.0,131615.0,131628.75,0.08,0.08,15587.125,15590.221671875,309.95,309.97125,13337.0,13338.095,990295.0,991044.90625,2684801.0,2683444.85,7.0,1320.640015,1339.589966,94.6086,94.6735,2011.0,1,1.0143490661987855,1.00019866857262,0.9994948787638265,1.000157723108321,1.0000685594450718,1.000757255413791,1.0001044713748433,1.000082102421834,1.0008381002639855,1.0,1.0006859841494327,1.0222550363885665
4180,226.75,226.77095,802658.0,802840.15,77.34,75.4,2011-10-03,3.0,133558.0,133574.75,0.08,0.07,15785.312,15788.403295081967,311.31,311.25639344262294,13359.6,13359.78,1038289.0,1039275.9836065574,2637757.0,2636140.15,10.0,1131.209961,1097.420044,100.7613,101.191,2011.0,0,0.9701294028827951,1.0001958336383827,0.9993870360309914,1.0000923925027563,0.9998278032913268,1.000950586596369,1.0001254136779527,1.0000134734572892,1.0002269335134018,0.8750000000000001,1.0042645341018823,0.9749159555210758
4241,227.842,227.86635,823375.0,823464.4,102.96,103.22,2012-01-03,3.0,131113.0,131160.7,0.07,0.07,15973.881000000001,15976.267612903226,308.04,308.01983870967746,13567.1,13572.505000000001,1098495.0,1099263.6290322582,2640764.0,2643446.9,1.0,1258.859985,1277.030029,99.9152,100.1922,2012.0,1,1.0144337291013346,1.0001494072043748,1.0010159559884941,1.0001068723062474,0.999934549765217,1.0006997109975542,1.0003638083180157,1.0003983902234082,1.0001085775011387,1.0,1.0027723509536086,1.0025252525252526
4303,229.187,229.16442857142857,834951.0,835636.5238095238,105.25,104.02,2012-04-02,2.0,133854.0,133892.7142857143,0.15,0.15,16121.851,16123.508625,306.79,306.85203125000004,13801.1,13801.290476190477,1146150.0,1146610.6875,2639850.0,2638737.0,4.0,1408.469971,1418.97998,98.3848,98.3175,2012.0,1,1.0074620043141835,1.0001028185287162,0.9995783851355191,0.9999015152317914,1.000202194497865,1.0004019434628975,1.0002892277086548,1.000013801522377,1.000821034778716,1.0,0.9993159512445011,0.9883135391923991
4366,228.59,228.6532380952381,857301.0,857313.2380952381,83.72,87.74,2012-07-02,2.0,133795.0,133813.09523809524,0.18,0.17,16227.938999999998,16229.040746031744,310.76,310.7996825396825,13808.8,13810.161904761904,1175634.0,1175832.9365079366,2647752.0,2647894.761904762,7.0,1362.329956,1365.75,101.1814,100.8983,2012.0,1,1.0025104373466482,1.0000678919258783,1.0000539181557646,1.0002766441893263,1.0001276951334874,1.0001692163615008,1.0001352459964516,1.0000986258590105,1.0000142751440138,0.9444444444444445,0.9972020549231382,1.0480172001911132
4429,231.638,231.6203181818182,870362.0,870202.5909090909,92.44,91.88,2012-10-01,1.0,135649.0,135666.72727272726,0.15,0.16,16297.348999999998,16300.221435483869,313.26,313.2866129032258,14076.0,14083.986363636364,1188167.0,1188311.9838709678,2611775.0,2613367.4545454546,10.0,1440.900024,1444.98999,98.8473,98.7932,2012.0,1,1.0028384800693153,1.0001762517010508,1.0006097211840432,0.9999236661593442,1.0000849546805395,1.0001220231423427,1.0001306848758729,1.0005673745123873,0.9998168473682111,1.0666666666666667,0.9994526911711296,0.9939420164430982
4489,231.679,231.73890476190476,857410.0,858084.4761904762,93.14,92.97,2013-01-02,2.0,133081.0,133130.47619047618,0.17,0.17,16475.44,16476.52114754098,314.91,314.9911475409836,13868.5,13870.87619047619,1197156.0,1197775.786885246,2741743.0,2746671.9523809524,1.0,1426.189941,1462.420044,98.7856,98.8924,2013.0,1,1.0254034206513871,1.0000656217704038,1.0017977441288086,1.0002585679405762,1.000257684865465,1.000517716058096,1.000371775012783,1.0001713372373502,1.0007866437182633,1.0,1.0010811292334105,0.9981747906377496
4549,231.797,231.80136363636365,877799.0,878021.4545454546,97.1,97.23,2013-04-01,1.0,135923.0,135963.5909090909,0.16,0.15,16541.39,16544.639359375,319.86,319.93906250000003,13937.6,13941.73181818182,1234963.0,1235089.75,3011737.0,3016518.590909091,4.0,1569.180054,1562.170044,100.327,100.2912,2013.0,0,0.9955326923878934,1.0001964381091917,1.001587652211694,1.0000188252495228,1.0002471784530733,1.0001026346538318,1.0002986316450557,1.0002964511954582,1.000253423101934,0.9375,0.9996431668444188,1.0013388259526264
4613,232.9,232.92527272727273,909513.0,909744.6363636364,97.94,99.65,2013-07-01,1.0,136052.0,136071.81818181818,0.1,0.1,16749.349,16753.263671875,324.92,324.96359375000003,14079.7,14082.322727272727,1243075.0,1243440.71875,3290898.0,3295808.5454545454,7.0,1609.780029,1614.290039,102.2172,102.5176,2013.0,1,1.0028016312283372,1.0002337208374488,1.0014921597249582,1.0001085132128498,1.0001341676412656,1.0002942048951189,1.0001456662292225,1.0001862772127763,1.000254681751263,1.0,1.0029388400386627,1.0174596691852156
4677,233.669,233.68859090909092,937982.0,938476.0,102.09,104.15,2013-10-01,1.0,138019.0,138042.81818181818,0.08,0.07,16999.888,17000.395032258064,327.71,327.7574193548387,14176.3,14179.368181818181,1266481.0,1266938.564516129,3589515.0,3593835.3636363638,10.0,1682.410034,1691.9000239999998,101.1519,100.9696,2013.0,1,1.0056407117220034,1.0000298256234432,1.0012036065140733,1.000083840428516,1.0001446991389908,1.000361288101542,1.0001725717605414,1.000216430367457,1.0005266625585565,0.8750000000000001,0.9981977600025309,1.0201782740718974
4739,235.347,235.35533333333333,977072.0,977435.9523809524,95.14,93.66,2014-01-02,2.0,135488.0,135523.2857142857,0.08,0.08,17031.324,17036.07149180328,330.65,330.75360655737705,14382.6,14387.466666666667,1294850.0,1295762.213114754,3728483.0,3733476.8571428573,1.0,1845.859985,1833.209961,102.0023,102.0466,2014.0,0,0.9931468128120238,1.000278750601144,1.0013393804243864,1.0000354087085594,1.0003133420758417,1.0007044932731621,1.0002604342398271,1.000338371828923,1.0003724928981206,1.0,1.0004343039323622,0.9844439772966155
4800,236.463,236.48136363636362,1002975.0,1003057.1818181818,99.69,99.6,2014-04-01,1.0,138325.0,138366.45454545456,0.08,0.09,17320.921000000002,17325.629375,336.97,337.04656250000005,14642.9,14645.872727272726,1350495.0,1350804.890625,3930681.0,3929810.272727273,4.0,1873.959961,1886.609985,102.5319,102.7266,2014.0,1,1.0067504238421667,1.0002718316768489,0.9997784792831759,1.0000776596607657,1.0002272086535895,1.0002294644741372,1.0002996894665068,1.0002030149268741,1.0000819380524757,1.125,1.0018989212137883,0.9990972013241047
4863,237.485,237.48290909090912,1004153.0,1004008.6818181818,106.06,105.18,2014-07-01,1.0,138745.0,138762.27272727274,0.1,0.1,17622.256999999998,17624.033187499997,341.87,341.915,14848.9,14852.731818181817,1370328.0,1370668.03125,3989084.0,3992991.0454545454,7.0,1962.290039,1973.060059,101.5656,101.6895,2014.0,1,1.0054884954751584,1.000100792282169,1.0009794342396765,0.9999911956161825,1.0001316289817768,1.000248138584339,1.0001244926107085,1.0002580540095103,0.9998562786927707,1.0,1.0012199012263994,0.9917028097303413
4927,237.447,237.4285909090909,1029293.0,1029310.0909090909,90.74,91.02,2014-10-01,1.0,140866.0,140887.13636363635,0.09,0.09,17735.933,17738.17141935484,344.75,344.8051612903226,15081.4,15085.01818181818,1392090.0,1392735.1612903227,4001451.0,3993677.0454545454,10.0,1971.439941,1945.8299559999998,105.9478,105.7007,2014.0,0,0.9870095028170071,1.0001262081535174,0.998057216108493,0.9999224707370103,1.0001600037427776,1.0004634479741414,1.0001500458849997,1.0002399102084807,1.000016604513089,1.0,0.9976677193863392,1.0030857394754242
4989,234.83599999999998,234.85789999999997,1049398.0,1050051.3,52.72,50.05,2015-01-02,2.0,138511.0,138552.6,0.12,0.12,17874.715,17878.2971147541,348.17,348.272131147541,15240.2,15244.19,1432090.0,1432741.2950819673,4017103.0,4008271.05,1.0,2058.899902,2054.439941,111.7093,112.3496,2015.0,0,0.9978338135838135,1.0002004012234096,0.9978014131079038,1.0000932565705427,1.0002933370122096,1.0004547864184286,1.0003003371573378,1.000261807587827,1.0006225474033685,1.0,1.0057318414849972,0.9493550834597875
5050,236.165,236.20077272727272,1106181.0,1107124.5909090908,50.12,49.13,2015-04-01,1.0,141283.0,141325.77272727274,0.12,0.12,18093.224,18095.325015625,354.4,354.48609374999995,15441.6,15445.704545454546,1471819.0,1472184.890625,4059374.0,4054373.909090909,4.0,2067.6298829999996,2060.030029,115.7077,115.2963,2015.0,0,0.9963243644026982,1.0001161216831782,0.9987682605965622,1.000151473449803,1.0002429281884875,1.0002485975687228,1.0003027450384883,1.0002658108910052,1.0008530167387533,1.0,0.9964444890011641,0.9802474062250599
5113,237.993,237.99281818181817,1135772.0,1136103.0454545454,56.94,56.93,2015-07-01,1.0,141747.0,141755.72727272726,0.13,0.13,18227.689,18228.619265625,359.91,359.96203125000005,15586.6,15588.395454545454,1495236.0,1495613.921875,3961217.0,3962253.4545454546,7.0,2067.0,2078.030029,115.8039,115.7046,2015.0,1,1.0053362501209482,1.000051035851281,1.0002616505345339,0.99999923603559,1.000144567391848,1.0002527506527397,1.0000615693646233,1.0001151921872284,1.000291471751853,1.0,0.9991425159256294,0.9998243765367053
5177,237.764,237.77866666666668,1121438.0,1121189.0476190476,44.75,45.54,2015-10-01,1.0,143645.0,143665.04761904763,0.13,0.13,18287.226000000002,18287.83827419355,363.24,363.295,15751.7,15752.87619047619,1519423.0,1519983.5322580645,4060469.0,4057909.761904762,10.0,1919.6500239999998,1921.77002,120.2147,119.8832,2015.0,1,1.0011043658862269,1.0000334809770244,0.9993697185977192,1.000061685817309,1.0001514150423962,1.000368911263068,1.0001395636398596,1.0000746707006982,0.9997780061127299,1.0,0.9972424337456235,1.0176536312849163
5239,237.99,237.9658947368421,1140032.0,1141077.105263158,36.81,35.97,2016-01-04,4.0,141088.0,141131.73684210525,0.36,0.36,18325.186999999998,18328.620096774193,366.65,366.7682258064516,15752.9,15751.563157894736,1554176.0,1555051.2903225806,3792723.0,3796920.8947368423,1.0,2038.199951,2013.780029,123.5233,123.605,2016.0,0,0.9880188781341012,1.0001873430690882,1.0011068287182698,0.9998987131259385,1.0003224486743532,1.0005631861015616,1.0003099968963005,0.9999151367617859,1.0009167332699065,1.0,1.0006614136766099,0.9771801140994294
5300,238.843,238.87138095238095,1166651.0,1167144.142857143,35.36,34.3,2016-04-01,1.0,143909.0,143939.85714285713,0.37,0.37,18538.039,18541.024796875,373.98,374.0840625,15861.6,15863.833333333334,1608444.0,1608308.171875,3872940.0,3871206.1428571427,4.0,2056.6201170000004,2073.189941,119.4647,119.5936,2016.0,1,1.0080568228731372,1.000161063253508,0.9995523150002692,1.0001188268125127,1.0002782568586555,0.9999155530904402,1.0002144212165822,1.0001408012642692,1.0004226995538024,1.0,1.001078979815795,0.970022624434389
5364,240.058,240.08355,1189799.0,1189761.9,49.02,46.73,2016-07-01,1.0,144248.0,144260.7,0.41,0.4,18729.13,18731.886484375,380.64,380.69578125,16016.0,16016.435,1599751.0,1600100.171875,3772544.0,3774753.1,7.0,2099.340088,2095.050049,120.8807,121.6754,2016.0,0,0.9979564821228718,1.0001471763170526,1.000585573024463,1.0001064326121187,1.000146545948928,1.0002182663895818,1.0000880428151517,1.0000271603396602,0.9999688182625804,0.9756097560975611,1.0065742504800186,0.9532843737250101
5428,241.667,241.6877,1206574.0,1207597.5,48.8,48.67,2016-10-03,3.0,146049.0,146070.65,0.4,0.4,18905.545,18908.039426229505,384.21,384.2752459016393,16035.4,16034.35,1622098.0,1622218.2295081967,3572132.0,3575013.9,10.0,2164.330078,2163.3701170000004,121.6635,121.8132,2016.0,0,0.9995564627550311,1.0001319415139582,1.0008067730979706,1.000085655054269,1.000169818332785,1.000074119756141,1.00014823792015,0.9999345198747771,1.0008482695632428,1.0,1.0012304429841323,0.9973360655737706
5489,244.028,244.0317,1223501.0,1224110.95,52.36,53.26,2017-01-03,3.0,143393.0,143444.5,0.66,0.66,19057.705,19060.806677419358,388.19,388.3566129032258,16173.5,16177.69,1629432.0,1629835.8387096773,3595455.0,3603002.65,1.0,2251.570068,2261.600098,128.7853,128.567,2017.0,1,1.0044546825979568,1.0001627518853584,1.0020992197093275,1.0000151621945024,1.0004292045215637,1.0002478401735557,1.0003591528177804,1.0002590657557116,1.0004985284033279,1.0,0.9983049307646137,1.0171886936592818
5551,244.08700000000002,244.0782,1217658.0,1218611.2,50.25,50.99,2017-04-03,3.0,146101.0,146142.8,0.91,0.91,19250.009,19253.924515625,398.52,398.6221875,16314.4,16316.369999999999,1654470.0,1654339.625,3821697.0,3819332.75,4.0,2362.340088,2354.76001,124.2095,124.3467,2017.0,0,0.9967912841853277,1.0002034033139933,0.9993813612120479,0.9999639472810924,1.0002564174947306,0.9999211983293743,1.0002861034489838,1.0001207522188986,1.0007828142220558,1.0,1.0011045853980574,1.014726368159204
5614,244.236,244.2873,1215351.0,1215628.3,46.02,45.11,2017-07-03,3.0,146486.0,146501.75,1.16,1.16,19500.602,19504.625809523808,405.06,405.12142857142857,16412.9,16415.165,1646126.0,1646433.111111111,3795430.0,3801159.6,7.0,2431.389893,2430.780029,121.7897,122.0291,2017.0,0,0.9997491706279787,1.0002063428361754,1.0015096049722956,1.0002100427455412,1.000151653017895,1.0001865659804359,1.0001075188072581,1.000138001206368,1.000228164538475,1.0,1.0019656834691275,0.9802259887005649
5677,246.583,246.62242857142857,1237649.0,1238339.238095238,50.59,50.44,2017-10-02,2.0,148203.0,148230.61904761905,1.16,1.16,19754.102,19757.425098360654,408.93,409.0111475409836,16600.2,16603.004761904762,1665474.0,1665770.5573770492,3829910.0,3833615.9523809524,10.0,2521.199951,2530.340088,119.5755,119.5296,2017.0,1,1.0036253122234016,1.0001682232055225,1.0009676343258596,1.0001598997961278,1.0001984387082963,1.0001780618472875,1.0001863595717972,1.0001689595248708,1.0005577010083135,1.0,0.9996161421026882,0.9970349871516109
