,index,CPI,CPI2,ConstructionSpending,ConstructionSpending2,CrudeOil,CrudeOil2,DATE,Day,Employment,Employment2,Export_Unit_Value,Export_Unit_Value2,Export_Value,Export_Value2,Export_Volume,Export_Volume2,FedFundRate,FedFundRate2,GDP,GDP2,HomePrice,HomePrice2,Import_Unit_Value,Import_Unit_Value2,Import_Value,Import_Value2,Import_Volume,Import_Volume2,Income,Income2,Loans,Loans2,MonetaryBase,MonetaryBase2,Month,SnP,SnP2,USDollar,USDollar2,Year,pct_SnP,pct_GDP,pct_MonetaryBase,pct_CPI,pct_HomePrice,pct_Loans,pct_Employment,pct_Income,pct_ConstructionSpending,pct_FedFundRate,pct_USDollar,pct_CrudeOil,pct_Import_Unit_Value,pct_Import_Volume,pct_Import_Value,pct_Export_Unit_Value,pct_Export_Volume,pct_Export_Value,long_short
0,0,150.52,151.8,543624.8,543096.0,17.56,19.05,1995-01-04,4.0,114694.9,116909.0,101.7112,102.3944,114.20552,113.62724,112.284892,110.997304,6.59,6.28,7546.257725806451,7604.923000000001,182.94822580645163,185.89,101.7112,102.3944,114.20552,113.62724,112.284892,110.997304,6150.46,6221.9,431972.2419354839,442540.0,426055.65,433540.0,1.0,459.130005,500.700012,94.3497,91.5439,1995.0,0.09054081969659124,0.007774088339565701,0.017566601921603378,0.008503853308530434,0.01607981810471656,0.02446397485441771,0.01930425851541791,0.011615391369100782,-0.0009727297209399692,-0.04704097116843697,-0.02973830335443573,0.08485193621867894,0.006717057708492274,-0.011467152678029021,-0.005063503060097328,0.006717057708492274,-0.011467152678029021,-0.005063503060097328,1
1,61,151.8,152.6,543096.0,547342.0,19.05,17.33,1995-04-03,3.0,116909.0,117113.0,102.3944,103.1112,113.62724,113.02052,110.997304,109.64639199999999,6.28,5.89,7604.923000000001,7706.531,185.89,188.75,102.3944,103.1112,113.62724,113.02052,110.997304,109.64639199999999,6221.9,6292.3,442540.0,454871.0,433540.0,435915.0,4.0,500.700012,544.75,91.5439,90.0725,1995.0,0.0879768063596531,0.013360819037878393,0.005478156571481293,0.005270092226613853,0.015385443003927128,0.027864147873638542,0.0017449469245310455,0.011314871662996922,0.007818138966223282,-0.06210191082802557,-0.016073162712097567,-0.09028871391076128,0.007000382833436126,-0.012170673983216819,-0.005339564702970834,0.007000382833436126,-0.012170673983216819,-0.005339564702970834,1
2,124,152.6,153.5,547342.0,555132.0,17.33,17.67,1995-07-03,3.0,117113.0,118893.0,103.1112,103.8168,113.02052,112.42328,109.64639199999999,108.316588,5.89,5.93,7706.531,7799.493,188.75,190.22,103.1112,103.8168,113.02052,112.42328,109.64639199999999,108.316588,6292.3,6369.9,454871.0,466813.0,435915.0,436570.0,7.0,544.75,584.409973,90.0725,93.3178,1995.0,0.07280398898577335,0.012062755603007428,0.0015025865134257826,0.0058977719528178615,0.00778807947019867,0.026253597173704193,0.015198995841623047,0.012332533413854941,0.01423241775708789,0.006791171477079802,0.036029864831108274,0.019619157530294487,0.006843097549053876,-0.012128114530207212,-0.005284350133940273,0.006843097549053876,-0.012128114530207212,-0.005284350133940273,1
3,187,153.5,154.7,555132.0,575138.0,17.67,19.83,1995-10-02,2.0,118893.0,116431.0,103.8168,104.5,112.42328,111.845,108.316588,107.029,5.93,6.06,7799.493,7893.146,190.22,192.37,103.8168,104.5,112.42328,111.845,108.316588,107.029,6369.9,6451.9,466813.0,480886.0,436570.0,441733.0,10.0,584.409973,615.929993,93.3178,95.7118,1995.0,0.05393477431296322,0.01200757536419346,0.01182628215406464,0.007817589576547157,0.011302702134370759,0.03014697534130369,-0.02070769515446662,0.01287304353286551,0.03603827558130319,0.02192242833052275,0.025654269603441048,0.12224108658743613,0.006580823142304515,-0.01188726513431165,-0.005143774492258245,0.006580823142304515,-0.01188726513431165,-0.005143774492258245,1
4,248,154.7,156.1,575138.0,590464.0,19.83,22.29,1996-01-02,2.0,116431.0,119013.0,104.5,103.63888888888889,111.845,110.5639126984127,107.029,106.67299206349206,6.06,5.53,7893.146,8061.535,192.37,192.7,104.5,103.63888888888889,111.845,110.5639126984127,107.029,106.67299206349206,6451.9,6597.2,480886.0,500762.0,441733.0,443376.0,1.0,615.929993,645.5,95.7118,96.6247,1996.0,0.048008714198141074,0.02133357219035352,0.0037194413820113054,0.009049773755656146,0.0017154441960803872,0.041332041273815415,0.02217622454500949,0.022520497837846244,0.026647517639244844,-0.08745874587458737,0.009538008897544583,0.12405446293494711,-0.008240297713981954,-0.0033262754627992044,-0.011454131177856012,-0.008240297713981954,-0.0033262754627992044,-0.011454131177856012,1
5,310,156.1,157.0,590464.0,599899.0,22.29,21.48,1996-04-01,1.0,119013.0,119767.0,103.63888888888889,102.75,110.5639126984127,109.2415,106.67299206349206,106.3055,5.53,7.8,8061.535,8159.043000000001,192.7,193.56,103.63888888888889,102.75,110.5639126984127,109.2415,106.67299206349206,106.3055,6597.2,6683.4,500762.0,514549.0,443376.0,449831.0,4.0,645.5,670.630005,96.6247,97.8306,1996.0,0.0389310689388071,0.012095463208929902,0.014558749233156509,0.005765534913517013,0.004462895692786786,0.027532041169258052,0.006335442346634401,0.013066149275450164,0.015978958920442227,0.4104882459312838,0.01248024573426877,-0.036339165545087426,-0.008576789064593913,-0.003445033802682998,-0.0119606177652184,-0.008576789064593913,-0.003445033802682998,-0.0119606177652184,1
6,373,157.0,158.2,599899.0,621761.0,21.48,24.35,1996-07-01,1.0,119767.0,121524.0,102.75,101.86111111111111,109.2415,107.9190873015873,106.3055,105.93800793650794,7.8,5.53,8159.043000000001,8287.078000000001,193.56,195.08,102.75,101.86111111111111,109.2415,107.9190873015873,106.3055,105.93800793650794,6683.4,6770.9,514549.0,527050.0,449831.0,452496.0,7.0,670.630005,687.3099980000001,97.8306,98.0451,1996.0,0.02487212453310985,0.015692404121414823,0.0059244471812747454,0.007643312101910755,0.00785286216160369,0.024295062277839428,0.0146701512102666,0.013092138731783224,0.036442801204869486,-0.291025641025641,0.002192565516310858,0.13361266294227192,-0.008650986753176503,-0.003456943088476618,-0.012105405898058022,-0.008650986753176503,-0.003456943088476618,-0.012105405898058022,1
7,437,158.2,159.4,621761.0,608608.0,24.35,25.55,1996-10-01,1.0,121524.0,119421.0,101.86111111111111,101.0,107.9190873015873,106.63799999999999,105.93800793650794,105.58200000000001,5.53,5.79,8287.078000000001,8402.06,195.08,196.7,101.86111111111111,101.0,107.9190873015873,106.63799999999999,105.93800793650794,105.58200000000001,6770.9,6891.3,527050.0,550820.0,452496.0,462505.0,10.0,687.3099980000001,740.73999,98.0451,99.217,1996.0,0.0777378361372243,0.013874854321390257,0.02211953254835402,0.007585335018963446,0.00830428542136547,0.045100085380893655,-0.017305223659524045,0.017781978762055346,-0.021154430721772515,0.04701627486437609,0.011952662601190612,0.04928131416837779,-0.008453776929370087,-0.003360530780617501,-0.011870812973123274,-0.008453776929370087,-0.003360530780617501,-0.011870812973123274,1
8,499,159.4,159.9,608608.0,616175.0,25.55,20.3,1997-01-02,2.0,119421.0,122140.0,101.0,100.14940239043824,106.63799999999999,107.30122310756971,105.58200000000001,107.18331075697212,5.79,6.18,8402.06,8551.94,196.7,198.35,101.0,100.14940239043824,106.63799999999999,107.30122310756971,105.58200000000001,107.18331075697212,6891.3,6980.5,550820.0,587962.0,462505.0,465478.0,1.0,740.73999,757.119995,99.217,102.4254,1997.0,0.022113029161555033,0.017838482467395025,0.006428038615798748,0.003136762860727729,0.00838840874428066,0.06743037652953777,0.02276818984935648,0.012943856746912747,0.01243329039381671,0.06735751295336782,0.03233720027817811,-0.2054794520547945,-0.008421758510512472,0.01516651282389149,0.006219388094016398,-0.008421758510512472,0.01516651282389149,0.006219388094016398,1
9,559,159.9,160.4,616175.0,637410.0,20.3,20.11,1997-04-01,1.0,122140.0,122886.0,100.14940239043824,99.25697211155378,107.30122310756971,107.99706374501991,107.18331075697212,108.86337450199204,6.18,6.24,8551.94,8691.756,198.35,201.07,100.14940239043824,99.25697211155378,107.30122310756971,107.99706374501991,107.18331075697212,108.86337450199204,6980.5,7079.7,587962.0,608031.0,465478.0,473111.0,4.0,757.119995,885.1400150000001,102.4254,102.2232,1997.0,0.16908815094759191,0.016349038931517162,0.016398197122098144,0.0031269543464665416,0.01371313335013864,0.034133158265330074,0.006107745210414278,0.014211016402836446,0.034462612082606404,0.00970873786407775,-0.0019741197007772547,-0.009359605911330112,-0.008910989557434105,0.015674676711837213,0.006484927359612868,-0.008910989557434105,0.015674676711837213,0.006484927359612868,1
10,623,160.4,161.5,637410.0,653196.0,20.11,21.02,1997-07-01,1.0,122886.0,124861.0,99.25697211155378,98.36454183266932,107.99706374501991,108.69290438247012,108.86337450199204,110.54343824701196,6.24,5.65,8691.756,8788.32,201.07,203.68,99.25697211155378,98.36454183266932,107.99706374501991,108.69290438247012,108.86337450199204,110.54343824701196,7079.7,7210.7,608031.0,635143.0,473111.0,477667.0,7.0,885.1400150000001,947.2800289999999,102.2232,105.9233,1997.0,0.07020359824089506,0.011109837873957841,0.009629875441492589,0.006857855361595974,0.01298055403590796,0.04458983176844602,0.016071806389661963,0.018503608909982063,0.024765849296371253,-0.09455128205128202,0.03619628420945531,0.04525111884634511,-0.008991109237963346,0.015432772984537413,0.006443144038555314,-0.008991109237963346,0.015432772984537413,0.006443144038555314,1
11,687,161.5,162.0,653196.0,645686.0,21.02,17.41,1997-10-01,1.0,124861.0,122842.0,98.36454183266932,97.5,108.69290438247012,109.367,110.54343824701196,112.171,5.65,6.06,8788.32,8889.732,203.68,206.72,98.36454183266932,97.5,108.69290438247012,109.367,110.54343824701196,112.171,7210.7,7373.5,635143.0,655897.0,477667.0,491235.0,10.0,947.2800289999999,970.429993,105.9233,114.3593,1997.0,0.024438353275998463,0.011539406849090642,0.028404725467742174,0.0030959752321981426,0.014925373134328318,0.03267610601077238,-0.01616998101889301,0.022577558350784278,-0.011497314741670189,0.07256637168141579,0.07964253379568052,-0.17174119885823022,-0.008789161384394123,0.014723277824516528,0.006201836461724025,-0.008789161384394123,0.014723277824516528,0.006201836461724025,1
12,749,162.0,162.2,645686.0,674351.0,17.41,15.69,1998-01-02,2.0,122842.0,125382.0,97.5,96.64940239043824,109.367,108.31590438247012,112.171,112.06795617529882,6.06,5.72,8889.732,8994.738000000001,206.72,208.59,97.5,96.64940239043824,109.367,108.31590438247012,112.171,112.06795617529882,7373.5,7505.6,655897.0,689333.0,491235.0,494118.0,1.0,970.429993,1101.75,114.3593,114.6617,1998.0,0.13532146362669156,0.011812054626618803,0.005868881492564659,0.0012345679012344976,0.009046052631578969,0.05097751628685602,0.02067696716106869,0.017915508238963908,0.04439464383616804,-0.056105610561056084,0.002644297403009563,-0.0987937966685813,-0.00872407804678728,-0.000918631595521023,-0.009610720030081118,-0.00872407804678728,-0.000918631595521023,-0.009610720030081118,1
13,810,162.2,163.2,674351.0,696540.0,15.69,14.47,1998-04-01,1.0,125382.0,126057.0,96.64940239043824,95.75697211155378,108.31590438247012,107.21311553784861,112.06795617529882,111.95984462151395,5.72,6.35,8994.738000000001,9146.521,208.59,211.49,96.64940239043824,95.75697211155378,108.31590438247012,107.21311553784861,112.06795617529882,111.95984462151395,7505.6,7620.9,689333.0,713027.0,494118.0,502446.0,4.0,1101.75,1133.839966,114.6617,117.6035,1998.0,0.029126358974358977,0.016874643819530865,0.016854273675518804,0.006165228113440197,0.013902871662112305,0.03437235704659432,0.005383547877685792,0.01536186314218707,0.03290422939982294,0.11013986013986013,0.025656343835823128,-0.07775653282345436,-0.009233686466878265,-0.0009646963991719087,-0.01018122731752762,-0.009233686466878265,-0.0009646963991719087,-0.01018122731752762,1
14,873,163.2,163.9,696540.0,707943.0,14.47,15.52,1998-07-01,1.0,126057.0,127887.0,95.75697211155378,94.86454183266932,107.21311553784861,106.1103266932271,111.95984462151395,111.8517330677291,6.35,5.73,9146.521,9325.65,211.49,213.99,95.75697211155378,94.86454183266932,107.21311553784861,106.1103266932271,111.95984462151395,111.8517330677291,7620.9,7717.1,713027.0,738513.0,502446.0,512552.0,7.0,1133.839966,1017.01001,117.6035,117.8309,1998.0,-0.10303919380453382,0.019584386238220956,0.020113604248018693,0.004289215686274614,0.01182088987658991,0.035743386996565346,0.014517242199957162,0.012623180989122115,0.016370919114480145,-0.09763779527559044,0.0019336159212948844,0.07256392536281955,-0.009319742042854164,-0.0009656279369655123,-0.01028595092204186,-0.009319742042854164,-0.0009656279369655123,-0.01028595092204186,0
15,937,163.9,164.7,707943.0,708818.0,15.52,12.42,1998-10-01,1.0,127887.0,125708.0,94.86454183266932,94.0,106.1103266932271,105.042,111.8517330677291,111.74700000000001,5.73,5.04,9325.65,9447.103000000001,213.99,216.25,94.86454183266932,94.0,106.1103266932271,105.042,111.8517330677291,111.74700000000001,7717.1,7813.3,738513.0,774079.0,512552.0,527870.0,10.0,1017.01001,1229.22998,117.8309,113.1705,1998.0,0.20867048299750768,0.013023542594886292,0.029885748177745867,0.004881025015253099,0.010561241179494326,0.04815893559084268,-0.017038479282491574,0.012465822653587463,0.0012359752126936774,-0.12041884816753932,-0.03955159470054116,-0.1997422680412371,-0.00911343496703199,-0.0009363562356755554,-0.010068074677742771,-0.00911343496703199,-0.0009363562356755554,-0.010068074677742771,1
16,999,164.7,165.9,708818.0,728788.0,12.42,16.65,1999-01-04,4.0,125708.0,128555.0,94.0,95.6592,105.042,106.78538,111.74700000000001,111.6372,5.04,5.41,9447.103000000001,9557.005,216.25,219.15,94.0,95.6592,105.042,106.78538,111.74700000000001,111.6372,7813.3,7882.1,774079.0,785749.0,527870.0,535171.0,1.0,1229.22998,1286.369995,113.1705,117.1884,1999.0,0.04648439749248545,0.011633407617128576,0.013831056889006764,0.007285974499089357,0.013410404624277483,0.015075980616965452,0.022647723295255672,0.008805498316972365,0.028173663761360462,0.07341269841269843,0.03550306837912705,0.34057971014492744,0.017651063829787216,-0.0009825767134688805,0.01659698025551686,0.017651063829787216,-0.0009825767134688805,0.01659698025551686,1
17,1060,165.9,166.7,728788.0,745815.0,16.65,19.39,1999-04-01,1.0,128555.0,129280.0,95.6592,97.4,106.78538,108.6145,111.6372,111.52200000000002,5.41,5.76,9557.005,9712.28,219.15,222.25,95.6592,97.4,106.78538,108.6145,111.6372,111.52200000000002,7882.1,7972.2,785749.0,797993.0,535171.0,548817.0,4.0,1286.369995,1372.709961,117.1884,117.3922,1999.0,0.06711907642093284,0.01624724482199198,0.025498392102711095,0.004822182037371807,0.014145562400182497,0.015582584260368133,0.005639609505659057,0.011430963829436248,0.02336344725763871,0.06469500924214411,0.0017390799771991178,0.1645645645645647,0.01819793600615526,-0.0010319140931516315,0.01712893656416265,0.01819793600615526,-0.0010319140931516315,0.01712893656416265,1
18,1123,166.7,168.1,745815.0,759906.0,19.39,24.51,1999-07-01,1.0,129280.0,131049.0,97.4,99.1408,108.6145,110.44362000000001,111.52200000000002,111.40680000000002,5.76,5.26,9712.28,9926.101,222.25,224.55,97.4,99.1408,108.6145,110.44362000000001,111.52200000000002,111.40680000000002,7972.2,8117.0,797993.0,800835.0,548817.0,564665.0,7.0,1372.709961,1282.709961,117.3922,114.822,1999.0,-0.06556374074421101,0.022015530853723316,0.02887665651756414,0.008398320335932848,0.01034870641169859,0.0035614347494276268,0.013683477722772277,0.018163116830987706,0.018893425313247923,-0.08680555555555555,-0.021894129252199038,0.2640536358947912,0.017872689938398283,-0.0010329800398127858,0.01684047710020304,0.017872689938398283,-0.0010329800398127858,0.01684047710020304,0
19,1187,168.1,169.3,759906.0,784940.0,24.51,25.76,1999-10-01,1.0,131049.0,129005.0,99.1408,100.8,110.44362000000001,112.18700000000001,111.40680000000002,111.29700000000001,5.26,5.43,9926.101,10031.030999999999,224.55,228.84,99.1408,100.8,110.44362000000001,112.18700000000001,111.40680000000002,111.29700000000001,8117.0,8385.0,800835.0,835842.0,564665.0,601868.0,10.0,1282.709961,1469.25,114.822,114.4677,1999.0,0.14542651470062137,0.010571119516111963,0.06588508230543774,0.0071386079714456695,0.019104876419505642,0.043713124426379965,-0.015597219360697143,0.033017124553406434,0.032943548280971596,0.03231939163498097,-0.0030856456079846124,0.05099959200326397,0.016735793941545746,-0.0009855771820033157,0.01578524861825429,0.016735793941545746,-0.0009855771820033157,0.01578524861825429,1
20,1248,169.3,170.9,784940.0,804766.0,25.76,26.28,2000-01-03,3.0,129005.0,131762.0,100.8,102.23067729083665,112.18700000000001,113.86315139442232,111.29700000000001,111.37556175298806,5.43,6.15,10031.030999999999,10278.34,228.84,232.56,100.8,102.23067729083665,112.18700000000001,113.86315139442232,111.29700000000001,111.37556175298806,8385.0,8535.9,835842.0,857096.0,601868.0,578588.0,1.0,1469.25,1498.579956,114.4677,116.4968,2000.0,0.01996253598774888,0.024654394947039953,-0.03867957758179534,0.009450679267572322,0.01625589931830099,0.025428250793810312,0.02137126467966358,0.01799642218246865,0.025257981501770835,0.13259668508287306,0.01772639792710083,0.02018633540372669,0.014193227091633486,0.0007058748482713022,0.014940691830803082,0.014193227091633486,0.0007058748482713022,0.014940691830803082,1
21,1311,170.9,172.7,804766.0,783795.0,26.28,32.44,2000-04-03,3.0,131762.0,132011.0,102.23067729083665,103.68406374501991,113.86315139442232,115.56590836653386,111.37556175298806,111.45537051792829,6.15,7.03,10278.34,10357.445,232.56,236.79,102.23067729083665,103.68406374501991,113.86315139442232,115.56590836653386,111.37556175298806,111.45537051792829,8535.9,8685.8,857096.0,869474.0,578588.0,584222.0,4.0,1498.579956,1454.599976,116.4968,118.2923,2000.0,-0.02934777008321341,0.007696281695293166,0.009737498876575388,0.010532475131655838,0.018188854489164043,0.014441789484491818,0.001889770950653451,0.017561124193113748,-0.026058506447837013,0.14308943089430892,0.015412440513387528,0.23439878234398767,0.014216735061321293,0.0007165733998022565,0.01495441634329256,0.014216735061321293,0.0007165733998022565,0.01495441634329256,0
22,1374,172.7,173.9,783795.0,816100.0,32.44,32.05,2000-07-03,3.0,132011.0,133249.0,103.68406374501991,105.11474103585657,115.56590836653386,117.24205976095618,111.45537051792829,111.53393227091634,7.03,6.68,10357.445,10472.285,236.79,240.45,103.68406374501991,105.11474103585657,115.56590836653386,117.24205976095618,111.45537051792829,111.53393227091634,8685.8,8788.2,869474.0,888752.0,584222.0,585252.0,7.0,1454.599976,1436.52002,118.2923,121.5949,2000.0,-0.012429503848692514,0.011087676545711819,0.0017630284378198698,0.006948465547191761,0.01545673381477257,0.022172025845511194,0.009378006378256358,0.011789357341868506,0.04121613432083644,-0.04978662873399723,0.027918976974832668,-0.012022194821208403,0.013798429953083053,0.0007048718480139454,0.014503856873656589,0.013798429953083053,0.0007048718480139454,0.014503856873656589,0
23,1437,173.9,175.6,816100.0,814479.0,32.05,27.29,2000-10-02,2.0,133249.0,130681.0,105.11474103585657,106.5,117.24205976095618,118.865,111.53393227091634,111.61,6.68,6.67,10472.285,10508.121000000001,240.45,246.37,105.11474103585657,106.5,117.24205976095618,118.865,111.53393227091634,111.61,8788.2,8923.2,888752.0,853241.0,585252.0,598666.0,10.0,1436.52002,1320.280029,121.5949,122.1436,2000.0,-0.08091776611647913,0.0034219847912849155,0.022920041281362557,0.009775733179988434,0.02462050322312338,-0.039956028228347165,-0.019272189659959926,0.015361507475933636,-0.001986276191643181,-0.0014970059880239203,0.004512524785167889,-0.14851794071762867,0.013178541377663623,0.0006820142313183427,0.01384264522776905,0.013178541377663623,0.0006820142313183427,0.01384264522776905,0
24,1498,175.6,176.4,814479.0,842392.0,27.29,25.7,2001-01-02,2.0,130681.0,132349.0,106.5,104.02988047808765,118.865,112.63362948207171,111.61,108.00955378486056,6.67,5.3,10508.121000000001,10638.383999999998,246.37,250.5,106.5,104.02988047808765,118.865,112.63362948207171,111.61,108.00955378486056,8923.2,8995.9,853241.0,843242.0,598666.0,601727.0,1.0,1320.280029,1160.329956,122.1436,127.6178,2001.0,-0.12114859687845811,0.012396412260574197,0.005113034647031901,0.004555808656036511,0.016763404635304603,-0.011718846140773826,0.012763906000107132,0.008147301416532063,0.034270987956718346,-0.20539730134932535,0.044817739120183095,-0.05826310003664346,-0.02319361053438828,-0.03225917225283973,-0.05242393066023038,-0.02319361053438828,-0.03225917225283973,-0.05242393066023038,0
25,1560,176.4,177.4,842392.0,850471.0,25.7,26.02,2001-04-02,2.0,132349.0,131946.0,104.02988047808765,101.4800796812749,112.63362948207171,106.20124701195219,108.00955378486056,104.29296414342629,5.3,4.11,10638.383999999998,10639.486,250.5,254.39,104.02988047808765,101.4800796812749,112.63362948207171,106.20124701195219,108.00955378486056,104.29296414342629,8995.9,8999.7,843242.0,810866.0,601727.0,615984.0,4.0,1160.329956,1224.420044,127.6178,127.4801,2001.0,0.05523436473271567,0.00010358716135858514,0.023693468965161942,0.005668934240362812,0.01552894211576841,-0.0383946719921446,-0.0030449795616136126,0.00042241465556543443,0.009590546918774158,-0.22452830188679238,-0.0010790030857765098,0.012451361867704291,-0.024510273251249427,-0.034409823123954186,-0.05710889811238291,-0.024510273251249427,-0.034409823123954186,-0.05710889811238291,1
26,1623,177.4,177.6,850471.0,845941.0,26.02,23.12,2001-07-02,2.0,131946.0,132344.0,101.4800796812749,98.97011952191235,106.20124701195219,99.86937051792827,104.29296414342629,100.63444621513943,4.11,3.02,10639.486,10701.317,254.39,257.54,101.4800796812749,98.97011952191235,106.20124701195219,99.86937051792827,104.29296414342629,100.63444621513943,8999.7,9009.0,810866.0,804888.0,615984.0,635154.0,7.0,1224.420044,1040.939941,127.4801,126.4214,2001.0,-0.14985062021738668,0.005811464952348103,0.031120938206187172,0.0011273957158962156,0.012382562207634083,-0.007372364854365579,0.003016385491034211,0.0010333677789258833,-0.005326460279068892,-0.2652068126520682,-0.008304825615919564,-0.1114527286702536,-0.024733525705199925,-0.03507924008426465,-0.05962148912725393,-0.024733525705199925,-0.03507924008426465,-0.05962148912725393,0
27,1682,177.6,177.7,845941.0,858654.0,23.12,21.13,2001-10-01,1.0,132344.0,128890.0,98.97011952191235,96.5,99.86937051792827,93.63799999999999,100.63444621513943,97.03399999999999,3.02,1.92,10701.317,10834.445,257.54,261.24,98.97011952191235,96.5,99.86937051792827,93.63799999999999,100.63444621513943,97.03399999999999,9009.0,9047.8,804888.0,779634.0,635154.0,653760.0,10.0,1040.939941,1148.079956,126.4214,127.7848,2001.0,0.10292622156190272,0.012440337950927033,0.029293683106774104,0.0005630630630630311,0.014366700318397096,-0.031375793899275424,-0.026098651997823852,0.004306804306804226,0.015028234829615777,-0.3642384105960265,0.010784566536994517,-0.08607266435986168,-0.02495823521123927,-0.03577747332600506,-0.062395211721191786,-0.02495823521123927,-0.03577747332600506,-0.062395211721191786,1
28,1744,177.7,179.3,858654.0,858240.0,21.13,26.82,2002-01-02,2.0,128890.0,130558.0,96.5,96.74302788844622,93.63799999999999,95.61794820717131,97.03399999999999,98.82292828685259,1.92,1.88,10834.445,10934.752,261.24,265.68,96.5,96.74302788844622,93.63799999999999,95.61794820717131,97.03399999999999,98.82292828685259,9047.8,9115.8,779634.0,749246.0,653760.0,663401.0,1.0,1148.079956,1147.390015,127.7848,129.1306,2002.0,-0.0006009520472806598,0.009258157662898349,0.014747001957905041,0.00900393922341037,0.016995865870463932,-0.03897726369039831,0.01294126774769183,0.007515639160900993,-0.00048214996960358885,-0.020833333333333353,0.010531769036692805,0.2692853762423096,0.002518423714468613,0.018436097520998777,0.021144708421488273,0.002518423714468613,0.018436097520998777,0.021144708421488273,0
29,1804,179.3,180.0,858240.0,847129.0,26.82,26.79,2002-04-01,1.0,130558.0,130270.0,96.74302788844622,96.9980079681275,95.61794820717131,97.69527091633465,98.82292828685259,100.69983665338646,1.88,1.83,10934.752,11037.056999999999,265.68,270.94,96.74302788844622,96.9980079681275,95.61794820717131,97.69527091633465,98.82292828685259,100.69983665338646,9115.8,9159.7,749246.0,726154.0,663401.0,679310.0,4.0,1147.390015,989.820007,129.1306,124.1102,2002.0,-0.13732907375876016,0.009355950642501857,0.023980970785392245,0.0039040713887339017,0.0197982535380909,-0.030820318026389196,-0.0022059161445487827,0.004815814300445541,-0.012946262117822521,-0.02659574468085097,-0.03887846877502297,-0.0011185682326622349,0.002635642952743743,0.01899264066620026,0.02172523828541577,0.002635642952743743,0.01899264066620026,0.02172523828541577,0
30,1868,180.0,181.2,847129.0,839690.0,26.79,30.71,2002-07-01,1.0,130270.0,131546.0,96.9980079681275,97.25298804780877,97.69527091633465,99.772593625498,100.69983665338646,102.57674501992031,1.83,1.85,11037.056999999999,11103.833999999999,270.94,274.79,96.9980079681275,97.25298804780877,97.69527091633465,99.772593625498,100.69983665338646,102.57674501992031,9159.7,9219.0,726154.0,711446.0,679310.0,681855.0,7.0,989.820007,815.280029,124.1102,126.807,2002.0,-0.17633506775540456,0.00605025415742621,0.0037464486022581738,0.006666666666666604,0.014209788144976832,-0.02025465672570832,0.009795041068549934,0.0064740111575705825,-0.008781425261087744,0.010928961748633888,0.021729076256423695,0.1463232549458754,0.002628714599634442,0.01863864360569184,0.021263288280784387,0.002628714599634442,0.01863864360569184,0.021263288280784387,0
31,1932,181.2,182.6,839690.0,863855.0,30.71,31.97,2002-10-01,1.0,131546.0,128577.0,97.25298804780877,97.5,99.772593625498,101.785,102.57674501992031,104.395,1.85,1.3,11103.833999999999,11230.078000000001,274.79,278.13,97.25298804780877,97.5,99.772593625498,101.785,102.57674501992031,104.395,9219.0,9276.3,711446.0,708764.0,681855.0,699262.0,10.0,815.280029,879.820007,126.807,124.6288,2002.0,0.07916295714880073,0.011369406278948554,0.025528888106708905,0.007726269315673321,0.012154736344117234,-0.0037697871658565795,-0.02257005154090584,0.006215424666449644,0.02877847777155855,-0.2972972972972973,-0.01717728516564546,0.04102898078801687,0.0025398906208393356,0.017725801103618398,0.020169931454881006,0.0025398906208393356,0.017725801103618398,0.020169931454881006,1
32,1994,182.6,183.2,863855.0,859459.0,31.97,29.48,2003-01-02,2.0,128577.0,130148.0,97.5,98.81235059760957,101.785,103.43321513944223,104.395,104.66524701195219,1.3,1.29,11230.078000000001,11370.653,278.13,281.52,97.5,98.81235059760957,101.785,103.43321513944223,104.395,104.66524701195219,9276.3,9367.8,708764.0,701150.0,699262.0,709552.0,1.0,879.820007,848.179993,124.6288,122.3463,2003.0,-0.03596191692421932,0.012517722494892636,0.014715514356564492,0.003285870755750243,0.012188544925035006,-0.010742644942463218,0.012218359426647068,0.009863846576760132,-0.005088816988962268,-0.007692307692307699,-0.01831438640185895,-0.07788551767281822,0.01346000612932888,0.0025886968911556433,0.01619310447946386,0.01346000612932888,0.0025886968911556433,0.01619310447946386,0
33,2055,183.2,183.7,859459.0,891264.0,29.48,30.41,2003-04-01,1.0,130148.0,129899.0,98.81235059760957,100.18924302788845,103.43321513944223,105.16249003984063,104.66524701195219,104.94878486055777,1.29,1.11,11370.653,11625.136999999999,281.52,285.83,98.81235059760957,100.18924302788845,103.43321513944223,105.16249003984063,104.66524701195219,104.94878486055777,9367.8,9510.8,701150.0,690441.0,709552.0,717614.0,4.0,848.179993,974.5,122.3463,117.5105,2003.0,0.1489306609947354,0.022380772678578666,0.01136209890184229,0.0027292576419213977,0.015309747087240703,-0.015273479284033374,-0.0019132065033653995,0.015265056897030253,0.037005837393057725,-0.13953488372093018,-0.03952551078373442,0.031546811397557654,0.013934416314879117,0.0027089970806947745,0.016718758070771635,0.013934416314879117,0.0027089970806947745,0.016718758070771635,1
34,2118,183.7,184.9,891264.0,925732.0,30.41,29.43,2003-07-01,1.0,129899.0,131401.0,100.18924302788845,101.56613545816734,105.16249003984063,106.89176494023904,104.94878486055777,105.23232270916336,1.11,1.11,11625.136999999999,11816.827,285.83,293.92,100.18924302788845,101.56613545816734,105.16249003984063,106.89176494023904,104.94878486055777,105.23232270916336,9510.8,9628.7,690441.0,683295.0,717614.0,724756.0,7.0,974.5,995.9699710000001,117.5105,116.4943,2003.0,0.0220317814263726,0.016489268040454107,0.009952425677313987,0.0065323897659227935,0.02830353706748778,-0.010349906798698223,0.011562829582983703,0.012396433528199675,0.03867316530231222,0.0,-0.008647737861722977,-0.03222624136797107,0.013742916790933507,0.0027016782422237496,0.016443837529363136,0.013742916790933507,0.0027016782422237496,0.016443837529363136,1
35,2182,184.9,186.3,925732.0,938826.0,29.43,32.51,2003-10-01,1.0,131401.0,128726.0,101.56613545816734,102.9,106.89176494023904,108.56700000000001,105.23232270916336,105.507,1.11,1.01,11816.827,11988.403,293.92,298.5,101.56613545816734,102.9,106.89176494023904,108.56700000000001,105.23232270916336,105.507,9628.7,9766.9,683295.0,676709.0,724756.0,736438.0,10.0,995.9699710000001,1111.920044,116.4943,113.0989,2003.0,0.11641924593728524,0.01451963373924328,0.01611852816672094,0.007571660356949733,0.015582471420794719,-0.009638589481848982,-0.02035753152563527,0.014352924070746715,0.014144482420398128,-0.09009009009009017,-0.029146490429145418,0.1046551138294257,0.013132965390635097,0.0026101988796331235,0.015672255582060545,0.013132965390635097,0.0026101988796331235,0.015672255582060545,1
36,2244,186.3,187.4,938826.0,967761.0,32.51,34.47,2004-01-02,2.0,128726.0,131494.0,102.9,103.56693227091634,108.56700000000001,110.67104780876494,105.507,106.83320717131474,1.01,1.03,11988.403,12181.398000000001,298.5,305.73,102.9,103.56693227091634,108.56700000000001,110.67104780876494,105.507,106.83320717131474,9766.9,9901.5,676709.0,681090.0,736438.0,741207.0,1.0,1111.920044,1126.209961,113.0989,113.0473,2004.0,0.012851568848955887,0.016098474500732148,0.006475765780690296,0.005904455179817468,0.024221105527638252,0.00647397921410828,0.02150303745940991,0.013781240721211476,0.03082040761546868,0.01980198019801982,-0.00045623785907726274,0.06028914180252233,0.0064813631770294835,0.012569850069803282,0.019380178219578065,0.0064813631770294835,0.012569850069803282,0.019380178219578065,1
37,2306,187.4,189.1,967761.0,1006119.0,34.47,38.56,2004-04-01,1.0,131494.0,131682.0,103.56693227091634,104.25537848605578,110.67104780876494,112.84296812749004,106.83320717131474,108.20219521912351,1.03,1.4,12181.398000000001,12367.743999999999,305.73,317.44,103.56693227091634,104.25537848605578,110.67104780876494,112.84296812749004,106.83320717131474,108.20219521912351,9901.5,10070.3,681090.0,680520.0,741207.0,757304.0,4.0,1126.209961,1140.839966,113.0473,115.3326,2004.0,0.012990477359132488,0.015297587354094967,0.02171728005806745,0.009071504802561305,0.038301769535210736,-0.0008368938025811567,0.0014297230291876436,0.01704792203201528,0.03963581917436226,0.3592233009708737,0.02021543194751217,0.11865390194371928,0.006647355483491185,0.012814255829776777,0.019625009085285697,0.006647355483491185,0.012814255829776777,0.019625009085285697,1
38,2368,189.1,190.8,1006119.0,1015562.0,38.56,50.16,2004-07-01,1.0,131682.0,133398.0,104.25537848605578,104.94382470119521,112.84296812749004,115.01488844621514,108.20219521912351,109.57118326693228,1.4,1.86,12367.743999999999,12562.163,317.44,324.2,104.25537848605578,104.94382470119521,112.84296812749004,115.01488844621514,108.20219521912351,109.57118326693228,10070.3,10196.6,680520.0,694288.0,757304.0,763876.0,7.0,1140.839966,1114.579956,115.3326,113.722,2004.0,-0.023018136445616042,0.01571984348964546,0.008678153027053865,0.008989952406134412,0.021295362903225777,0.020231587609475108,0.013031393812366154,0.012541830928572247,0.009385569699011748,0.32857142857142874,-0.013964828678101466,0.300829875518672,0.006603459937863216,0.012652128221949577,0.019247281020393428,0.006603459937863216,0.012652128221949577,0.019247281020393428,0
39,2432,190.8,191.6,1015562.0,1045913.0,50.16,42.16,2004-10-01,1.0,133398.0,130713.0,104.94382470119521,105.6,115.01488844621514,117.085,109.57118326693228,110.876,1.86,2.31,12562.163,12813.729,324.2,331.67,104.94382470119521,105.6,115.01488844621514,117.085,109.57118326693228,110.876,10196.6,10313.5,694288.0,712155.0,763876.0,775222.0,10.0,1114.579956,1211.920044,113.722,108.5096,2004.0,0.08733342769713322,0.02002569143546369,0.014853196068471847,0.004192872117400329,0.02304133251079589,0.025734277418016732,-0.02012773804704718,0.011464605849008457,0.02988591538478202,0.2419354838709677,-0.04583457906121936,-0.1594896331738437,0.006252633736888281,0.0119083931939385,0.01799863984350956,0.006252633736888281,0.0119083931939385,0.01799863984350956,1
40,2493,191.6,193.7,1045913.0,1080952.0,42.16,57.26,2005-01-03,3.0,130713.0,133589.0,105.6,106.06932270916334,117.085,116.21650597609562,110.876,109.58412749003985,2.31,2.83,12813.729,12974.083,331.67,342.26,105.6,106.06932270916334,117.085,116.21650597609562,110.876,109.58412749003985,10313.5,10469.3,712155.0,756636.0,775222.0,775537.0,1.0,1211.920044,1180.589966,108.5096,110.0729,2005.0,-0.025851604777979858,0.012514233756621604,0.00040633521752478645,0.010960334029227529,0.031929327343443704,0.06245971733681572,0.022002402209420638,0.015106413923498256,0.03350087435570645,0.22510822510822512,0.014407020208350212,0.35815939278937386,0.004444343836774151,-0.011651507178831825,-0.007417636963781659,0.004444343836774151,-0.011651507178831825,-0.007417636963781659,0
41,2554,193.7,194.9,1080952.0,1118698.0,57.26,59.11,2005-04-01,1.0,133589.0,134011.0,106.06932270916334,106.55378486055777,116.21650597609562,115.31999601593625,109.58412749003985,108.25058167330677,2.83,3.36,12974.083,13205.445,342.26,352.59,106.06932270916334,106.55378486055777,116.21650597609562,115.31999601593625,109.58412749003985,108.25058167330677,10469.3,10640.3,756636.0,766323.0,775537.0,782860.0,4.0,1180.589966,1191.329956,110.0729,112.569,2005.0,0.009097138133732058,0.017832628325254212,0.009442489526611883,0.006195147134744538,0.030181733185297682,0.01280272151999112,0.0031589427273203633,0.016333470241563428,0.03491921935479096,0.1872791519434628,0.022676789654855995,0.03230876702759346,0.004567410623737036,-0.012169151201703778,-0.007714136237616413,0.004567410623737036,-0.012169151201703778,-0.007714136237616413,1
42,2618,194.9,199.1,1118698.0,1160818.0,59.11,65.36,2005-07-01,1.0,134011.0,135617.0,106.55378486055777,107.0382470119522,115.31999601593625,114.42348605577689,108.25058167330677,106.9170358565737,3.36,3.87,13205.445,13381.628999999999,352.59,360.59,106.55378486055777,107.0382470119522,115.31999601593625,114.42348605577689,108.25058167330677,106.9170358565737,10640.3,10826.0,766323.0,788718.0,782860.0,787216.0,7.0,1191.329956,1228.810059,112.569,111.4002,2005.0,0.031460724051498516,0.013341769247458097,0.005564213269294638,0.02154951257054894,0.022689242462917272,0.029223969527209806,0.011984090858213132,0.0174525154365949,0.03765091204239214,0.15178571428571436,-0.010382965114729673,0.10573507020808662,0.004546644232566857,-0.012319063751154881,-0.007774106756259976,0.004546644232566857,-0.012319063751154881,-0.007774106756259976,1
43,2682,199.1,199.3,1160818.0,1195698.0,65.36,63.11,2005-10-03,3.0,135617.0,133320.0,107.0382470119522,107.5,114.42348605577689,113.569,106.9170358565737,105.646,3.87,4.34,13381.628999999999,13648.903999999999,360.59,366.32,107.0382470119522,107.5,114.42348605577689,113.569,106.9170358565737,105.646,10826.0,11154.6,788718.0,810406.0,787216.0,804172.0,10.0,1228.810059,1248.290039,111.4002,111.0199,2005.0,0.015852718536380463,0.01997327829070733,0.021539196357797604,0.0010045203415370019,0.015890623700047197,0.02749778754890848,-0.016937404602667808,0.030352854239793125,0.03004777665404913,0.12144702842377254,-0.0034138179285135143,-0.03442472460220318,0.0043139064861202866,-0.011888057374493284,-0.007467750592394647,0.0043139064861202866,-0.011888057374493284,-0.007467750592394647,1
44,2743,199.3,200.7,1195698.0,1192849.0,63.11,66.07,2006-01-03,3.0,133320.0,136140.0,107.5,106.8552,113.569,112.856992,105.646,105.616488,4.34,4.87,13648.903999999999,13799.794,366.32,370.05,107.5,106.8552,113.569,112.856992,105.646,105.616488,11154.6,11304.7,810406.0,852947.0,804172.0,809191.0,1.0,1248.290039,1302.880005,111.0199,110.6597,2006.0,0.043731796533225405,0.011055100101810465,0.006241202130887422,0.007024586051179013,0.010182354225813546,0.05249344155892232,0.02115211521152115,0.013456331916877375,-0.0023827086772746963,0.12211981566820283,-0.003244463379988687,0.046902234194263884,-0.005998139534883754,-0.0002793480112829343,-0.0062693868925498795,-0.005998139534883754,-0.0002793480112829343,-0.0062693868925498795,1
45,2805,200.7,202.9,1192849.0,1157784.0,66.07,73.94,2006-04-03,3.0,136140.0,136273.0,106.8552,106.1896,112.856992,112.122016,105.616488,105.586024,4.87,5.25,13799.794,13908.498,370.05,373.11,106.8552,106.1896,112.856992,112.122016,105.616488,105.586024,11304.7,11402.6,852947.0,866632.0,809191.0,811505.0,4.0,1302.880005,1270.060059,110.6597,108.0832,2006.0,-0.025190305994449637,0.00787721903674792,0.0028596462392686027,0.010961634280020015,0.008269152817186872,0.016044373214279435,0.0009769355075657411,0.00866011481949982,-0.029396009050600705,0.07802874743326486,-0.023283092218757108,0.11911608899651892,-0.006228990259715931,-0.00028843981254147695,-0.006512454274875615,-0.006228990259715931,-0.00028843981254147695,-0.006512454274875615,0
46,2868,202.9,201.9,1157784.0,1123281.0,73.94,60.96,2006-07-03,3.0,136273.0,137849.0,106.1896,105.5344,112.122016,111.398524,105.586024,105.556036,5.25,5.33,13908.498,14066.37,373.11,376.92,106.1896,105.5344,112.122016,111.398524,105.586024,105.556036,11402.6,11527.9,866632.0,910256.0,811505.0,809839.0,7.0,1270.060059,1335.819946,108.0832,107.9746,2006.0,0.05177699002028074,0.011350758363699748,-0.0020529756440194453,-0.0049285362247412515,0.010211465787569355,0.050337398111309065,0.011565020216770748,0.010988721870450534,-0.02980089550382455,0.015238095238095252,-0.0010047815016580727,-0.17554774141195562,-0.006170095753256379,-0.00028401486166378234,-0.006452720222226537,-0.006170095753256379,-0.00028401486166378234,-0.006452720222226537,1
47,2931,201.9,203.47457142857144,1123281.0,1138428.1904761905,60.96,58.31,2006-10-02,2.0,137849.0,135366.95238095237,105.5344,104.89721115537849,111.398524,110.67663346613546,105.556036,105.5093187250996,5.33,5.28,14066.37,14236.275790322581,376.92,378.27596774193546,105.5344,104.89721115537849,111.398524,110.67663346613546,105.556036,105.5093187250996,11527.9,11745.190476190475,910256.0,929943.5483870967,809839.0,822838.2857142857,10.0,1335.819946,1418.030029,107.9746,106.9488,2006.0,0.06154278744389997,0.012078865430283739,0.01605169140321185,0.007798768838887723,0.0035974948050924447,0.021628584032510337,-0.01800555404136144,0.01884909447431671,0.013484774046913044,-0.009380863039399591,-0.009500382497365026,-0.04347112860892386,-0.006037735985816184,-0.00044258269513267924,-0.006480252232646624,-0.006037735985816184,-0.00044258269513267924,-0.006480252232646624,1
48,2992,203.47457142857144,205.90400000000002,1138428.1904761905,1150637.0,58.31,66.03,2007-01-03,3.0,135366.95238095237,137730.0,104.89721115537849,104.72709163346615,110.67663346613546,109.3732749003984,105.5093187250996,104.4307609561753,5.28,5.25,14236.275790322581,14422.313,378.27596774193546,378.03,104.89721115537849,104.72709163346615,110.67663346613546,109.3732749003984,105.5093187250996,104.4307609561753,11745.190476190475,11925.5,929943.5483870967,965479.0,822838.2857142857,822978.0,1.0,1418.030029,1420.829956,106.9488,106.0646,2007.0,0.0019745188343962953,0.013067828441753134,0.00016979555781490701,0.011939715878853317,-0.000650233593753674,0.038212482547501196,0.01745660648691785,0.015351775194709974,0.010724268448326699,-0.005681818181818229,-0.008267507442813822,0.13239581546904475,-0.0016217735442017793,-0.010222393452605248,-0.011776275849010665,-0.0016217735442017793,-0.010222393452605248,-0.011776275849010665,1
49,3053,205.90400000000002,207.60299999999998,1150637.0,1155029.0,66.03,71.11,2007-04-02,2.0,137730.0,137778.0,104.72709163346615,104.54860557768924,109.3732749003984,108.00581673306772,104.4307609561753,103.2991593625498,5.25,5.31,14422.313,14569.675,378.03,373.81,104.72709163346615,104.54860557768924,109.3732749003984,108.00581673306772,104.4307609561753,103.2991593625498,11925.5,12011.5,965479.0,1046102.0,822978.0,828938.0,4.0,1420.829956,1504.660034,106.0646,103.4042,2007.0,0.05900078165300166,0.010217639847367005,0.007241991887997006,0.008251418136607134,-0.011163135200909903,0.0835057002793432,0.0003485079503376171,0.007211437675569158,0.003817016139755631,0.011428571428571354,-0.02508282688097627,0.0769347266394063,-0.0017042968824302245,-0.010835902977862856,-0.01250267186911947,-0.0017042968824302245,-0.010835902977862856,-0.01250267186911947,1
50,3116,207.60299999999998,209.19,1155029.0,1153031.0,71.11,80.31,2007-07-02,2.0,137778.0,139198.0,104.54860557768924,104.37290836653386,108.00581673306772,106.65972509960159,103.2991593625498,102.1852390438247,5.31,4.92,14569.675,14685.33,373.81,372.65,104.54860557768924,104.37290836653386,108.00581673306772,106.65972509960159,103.2991593625498,102.1852390438247,12011.5,12121.5,1046102.0,1133272.0,828938.0,829039.0,7.0,1504.660034,1527.290039,103.4042,100.5314,2007.0,0.015039945561550007,0.00793806313455864,0.00012184264685658035,0.007644398202338202,-0.003103180760279353,0.08332839436307359,0.010306434989620984,0.009157890355076385,-0.0017298266969920236,-0.07344632768361577,-0.02778223708514739,0.12937702151596123,-0.0016805313680135266,-0.010783440306765448,-0.012463140173208865,-0.0016805313680135266,-0.010783440306765448,-0.012463140173208865,1
51,3179,209.19,212.174,1153031.0,1111225.0,80.31,99.64,2007-10-01,1.0,139198.0,136268.0,104.37290836653386,104.2,106.65972509960159,105.335,102.1852390438247,101.089,4.92,4.11,14685.33,14668.445,372.65,369.96,104.37290836653386,104.2,106.65972509960159,105.335,102.1852390438247,101.089,12121.5,12313.6,1133272.0,1153096.0,829039.0,830632.0,10.0,1527.290039,1467.969971,100.5314,98.6871,2007.0,-0.03884008045966179,-0.0011497868961746326,0.0019215018835060836,0.014264544194273192,-0.007218569703475105,0.01749271137026239,-0.021049153005071913,0.01584787361300172,-0.03625748136867092,-0.16463414634146334,-0.018345511949500393,0.2406923172705765,-0.0016566403029284753,-0.010727958891934931,-0.012420106074383102,-0.0016566403029284753,-0.010727958891934931,-0.012420106074383102,0
52,3241,212.174,213.942,1111225.0,1101713.0,99.64,100.92,2008-01-02,2.0,136268.0,137914.0,104.2,105.99603174603175,105.335,105.83788888888888,101.089,99.91173809523809,4.11,2.38,14668.445,14812.973999999998,369.96,360.66,104.2,105.99603174603175,105.335,105.83788888888888,101.089,99.91173809523809,12313.6,12417.1,1153096.0,1159365.0,830632.0,830234.0,1.0,1467.969971,1326.410034,98.6871,95.9567,2008.0,-0.09643244739098276,0.009853055317042716,-0.00047915322308796196,0.008332783470170711,-0.025137852740836724,0.005436667892352415,0.012079138168902458,0.008405340436590436,-0.008559922607932686,-0.42092457420924584,-0.0276672432364514,0.012846246487354487,0.017236389117387178,-0.011645796325632916,0.004774186062456829,0.017236389117387178,-0.011645796325632916,0.004774186062456829,0
53,3302,213.942,219.016,1101713.0,1087047.0,100.92,141.06,2008-04-01,1.0,137914.0,137203.0,105.99603174603175,107.85,105.83788888888888,106.357,99.91173809523809,98.6965,2.38,2.11,14812.973999999998,14842.983,360.66,349.34,105.99603174603175,107.85,105.83788888888888,106.357,99.91173809523809,98.6965,12417.1,12608.2,1159365.0,1141847.0,830234.0,847018.0,4.0,1326.410034,1276.689941,95.9567,95.7894,2008.0,-0.03748470814116286,0.002025859223137895,0.020215987299966032,0.02371670826672642,-0.031386901791160784,-0.015109995557913168,-0.005155386690256247,0.015390066923838928,-0.013311996863066878,-0.11344537815126052,-0.0017434947220985855,0.3977407847800238,0.01749092134326676,-0.012163116350550326,0.0049047757524348454,0.01749092134326676,-0.012163116350550326,0.0049047757524348454,0
54,3366,219.016,216.995,1087047.0,1056692.0,141.06,98.23,2008-07-01,1.0,137203.0,137442.0,107.85,109.70396825396826,106.357,106.8761111111111,98.6965,97.48126190476191,2.11,1.15,14842.983,14549.948999999999,349.34,346.15,107.85,109.70396825396826,106.357,106.8761111111111,98.6965,97.48126190476191,12608.2,12482.9,1141847.0,1186704.0,847018.0,1136412.0,7.0,1276.689941,1164.170044,95.7894,101.5044,2008.0,-0.08813408282348183,-0.01974225800838022,0.34166216066246524,-0.009227636337071203,-0.00913150512394801,0.0392845976737689,0.001741944418124968,-0.009937976872194372,-0.027924275583300445,-0.4549763033175356,0.05966213380603703,-0.30362966113710477,0.017190248066465106,-0.012312879334506211,0.0048808363446797235,0.017190248066465106,-0.012312879334506211,0.0048808363446797235,0
55,3430,216.995,211.933,1056692.0,969117.0,98.23,46.17,2008-10-01,1.0,137442.0,132042.0,109.70396825396826,111.5,106.8761111111111,107.37899999999999,97.48126190476191,96.304,1.15,0.08,14549.948999999999,14383.885,346.15,348.7,109.70396825396826,111.5,106.8761111111111,107.37899999999999,97.48126190476191,96.304,12482.9,12146.5,1186704.0,1141028.0,1136412.0,1712014.0,10.0,1164.170044,902.98999,101.5044,107.2648,2008.0,-0.22434871550431335,-0.011413373338971739,0.5065082030108798,-0.023327726445309855,0.007366748519428027,-0.03848980032088878,-0.03928930021390841,-0.02694886604875467,-0.08287656194993433,-0.9304347826086956,0.0567502492502787,-0.5299806576402321,0.01637162059510803,-0.012076802061837049,0.0047053441939525105,0.01637162059510803,-0.012076802061837049,0.0047053441939525105,0
56,3492,211.933,212.709,969117.0,927456.0,46.17,48.46,2009-01-02,2.0,132042.0,131859.0,111.5,105.91035856573706,107.37899999999999,99.2655139442231,96.304,93.2187609561753,0.08,0.16,14383.885,14340.417,348.7,339.48,111.5,105.91035856573706,107.37899999999999,99.2655139442231,96.304,93.2187609561753,12146.5,12037.3,1141028.0,1098071.0,1712014.0,1753246.0,1.0,902.98999,793.590027,107.2648,110.8879,2009.0,-0.12115301854010593,-0.003021993015099937,0.024083915201628024,0.0036615345415768686,-0.02644106681961563,-0.037647630031866004,-0.001385922660971509,-0.008990244103239677,-0.042988617473432,1.0,0.03377715709160888,0.04959930690924841,-0.05013131331177528,-0.03203645792308419,-0.07555933707500433,-0.05013131331177528,-0.03203645792308419,-0.07555933707500433,0
57,3553,212.709,214.726,927456.0,906087.0,48.46,69.32,2009-04-01,1.0,131859.0,130353.0,105.91035856573706,100.04581673306772,99.2655139442231,90.75300398406374,93.2187609561753,89.98178884462152,0.16,0.2,14340.417,14384.145,339.48,330.5,105.91035856573706,100.04581673306772,99.2655139442231,90.75300398406374,93.2187609561753,89.98178884462152,12037.3,12054.2,1098071.0,1021025.0,1753246.0,1673598.0,4.0,793.590027,920.820007,110.8879,104.5734,2009.0,0.1603220500148751,0.003049283713297945,-0.045428878776851624,0.009482438448772718,-0.026452221043949623,-0.07016486183498152,-0.011421290924396515,0.0014039693286701715,-0.02304044612358969,0.25000000000000006,-0.056944896602785296,0.43045810978126275,-0.055372693588128054,-0.03472447046443336,-0.0857549578088369,-0.055372693588128054,-0.03472447046443336,-0.0857549578088369,1
58,3616,214.726,216.50900000000001,906087.0,866972.0,69.32,70.67,2009-07-01,1.0,130353.0,131188.0,100.04581673306772,94.1812749003984,90.75300398406374,82.24049402390438,89.98178884462152,86.74481673306772,0.2,0.11,14384.145,14566.511,330.5,328.05,100.04581673306772,94.1812749003984,90.75300398406374,82.24049402390438,89.98178884462152,86.74481673306772,12054.2,12081.1,1021025.0,957287.0,1673598.0,1936314.0,7.0,920.820007,1054.910034,104.5734,102.3871,2009.0,0.14562023629010915,0.012678264853420206,0.15697676502959493,0.008303605525181,-0.007413010590015094,-0.0624255037829632,0.006405683029926431,0.002231587330556954,-0.0431691438018645,-0.45,-0.02090684629169562,0.019474899019042247,-0.05861856121697225,-0.03597363592252346,-0.09379865774640543,-0.05861856121697225,-0.03597363592252346,-0.09379865774640543,1
59,3680,216.50900000000001,217.488,866972.0,814452.0,70.67,81.52,2009-10-01,1.0,131188.0,127820.0,94.1812749003984,88.5,82.24049402390438,73.994,86.74481673306772,83.609,0.11,0.12,14566.511,14681.063,328.05,324.11,94.1812749003984,88.5,82.24049402390438,73.994,86.74481673306772,83.609,12081.1,12235.9,957287.0,942243.0,1936314.0,1994962.0,10.0,1054.910034,1116.560059,102.3871,101.1226,2009.0,0.05844102626101281,0.007864065732693278,0.030288475939336285,0.004521751982596496,-0.012010364273738751,-0.015715245271271834,-0.025673079854864774,0.012813402753060504,-0.06057865767291216,0.09090909090909087,-0.012350188646811934,0.15353049384462988,-0.06032276486389306,-0.03614990325839645,-0.10027291447820601,-0.06032276486389306,-0.03614990325839645,-0.10027291447820601,1
60,3742,217.488,217.403,814452.0,825199.0,81.52,84.53,2010-01-04,4.0,127820.0,130212.0,88.5,92.9896,73.994,85.87045599999999,83.609,91.207404,0.12,0.17,14681.063,14888.6,324.11,321.22,88.5,92.9896,73.994,85.87045599999999,83.609,91.207404,12235.9,12344.8,942243.0,900301.0,1994962.0,2014449.0,1.0,1116.560059,1171.22998,101.1226,101.5287,2010.0,0.04896281266675702,0.01413637418489385,0.00976810585865796,-0.0003908261605238356,-0.008916725802968086,-0.04451293350016928,0.01871381630417775,0.008900040046093842,0.013195375540854464,0.4166666666666668,0.004015917312252602,0.03692345436702656,0.05072994350282481,0.09088021624466269,0.16050566262129348,0.05072994350282481,0.09088021624466269,0.16050566262129348,1
61,3803,217.403,217.605,825199.0,796903.0,84.53,72.95,2010-04-01,1.0,130212.0,130111.0,92.9896,97.7,85.87045599999999,98.33099999999999,91.207404,99.17949999999999,0.17,0.17,14888.6,15057.66,321.22,324.28,92.9896,97.7,85.87045599999999,98.33099999999999,91.207404,99.17949999999999,12344.8,12497.8,900301.0,886878.0,2014449.0,1994298.0,4.0,1171.22998,1031.099976,101.5287,104.5502,2010.0,-0.11964345721409905,0.011354996440229402,-0.010003231652923454,0.0009291500117293607,0.009526181433285428,-0.014909458059026926,-0.0007756581574662857,0.012393882444430045,-0.03428991067609147,0.0,0.0297600579934541,-0.13699278362711462,0.05065512702495771,0.0874062373269608,0.145108627349085,0.05065512702495771,0.0874062373269608,0.145108627349085,0
62,3866,217.605,219.035,796903.0,798831.0,72.95,81.57,2010-07-01,1.0,130111.0,131641.0,97.7,102.41040000000001,98.33099999999999,110.79154399999999,99.17949999999999,107.151596,0.17,0.2,15057.66,15230.208,324.28,321.91,97.7,102.41040000000001,98.33099999999999,110.79154399999999,99.17949999999999,107.151596,12497.8,12636.5,886878.0,905268.0,1994298.0,1961720.0,7.0,1031.099976,1143.48999,104.5502,99.4269,2010.0,0.10900011309863522,0.011459151023465843,-0.016335572717818502,0.006571540176007017,-0.007308498828173023,0.02073565924512729,0.01175919022988064,0.011097953239770258,0.00241936597051335,0.1764705882352941,-0.049003253939255975,0.11816312542837547,0.048212896622313275,0.08038048185360895,0.12672040353499914,0.048212896622313275,0.08038048185360895,0.12672040353499914,1
63,3930,219.035,221.187,798831.0,754710.0,81.57,91.59,2010-10-01,1.0,131641.0,128778.0,102.41040000000001,106.9,110.79154399999999,122.66799999999999,107.151596,114.75,0.2,0.19,15230.208,15238.371000000001,321.91,313.08,102.41040000000001,106.9,110.79154399999999,122.66799999999999,107.151596,114.75,12636.5,13019.1,905268.0,921893.0,1961720.0,2047917.0,10.0,1143.48999,1257.619995,99.4269,98.38,2010.0,0.09980848629903614,0.0005359742952952754,0.043939502069612384,0.00982491382655747,-0.02743002702618757,0.018364727351458353,-0.02174854338693872,0.030277371107506064,-0.05523195769818647,-0.050000000000000044,-0.010529343668564622,0.12283927914674526,0.04383929757134036,0.07091265350821281,0.10719641202942352,0.04383929757134036,0.07091265350821281,0.10719641202942352,1
64,3991,221.187,224.093,754710.0,768555.0,91.59,107.55,2011-01-03,3.0,128778.0,131715.0,106.9,107.88804780876495,122.66799999999999,120.79219123505976,114.75,112.0363266932271,0.19,0.11,15238.371000000001,15460.926000000001,313.08,307.64,106.9,107.88804780876495,122.66799999999999,120.79219123505976,114.75,112.0363266932271,13019.1,13147.9,921893.0,957072.0,2047917.0,2496574.0,1.0,1257.619995,1329.47998,98.38,96.1664,2011.0,0.05713966483174439,0.014604907571813305,0.2190796794987297,0.013138204324847198,-0.017375750606873637,0.03815952610552418,0.022806690583795367,0.009893156977056729,0.018344794689350876,-0.42105263157894735,-0.022500508233380765,0.1742548313134621,0.009242729735874148,-0.023648569122203957,-0.015291753064696836,0.009242729735874148,-0.023648569122203957,-0.015291753064696836,1
65,4053,224.093,225.395,768555.0,792089.0,107.55,94.81,2011-04-01,1.0,131715.0,131615.0,107.88804780876495,108.90796812749005,120.79219123505976,118.85587250996015,112.0363266932271,109.2351155378486,0.11,0.08,15460.926000000001,15587.125,307.64,309.95,107.88804780876495,108.90796812749005,120.79219123505976,118.85587250996015,112.0363266932271,109.2351155378486,13147.9,13337.0,957072.0,990295.0,2496574.0,2684801.0,4.0,1329.47998,1320.640015,96.1664,94.6086,2011.0,-0.006649190008863556,0.008162447708500687,0.07539412010218804,0.005810087776057356,0.007508776492003649,0.03471316682548439,-0.0007592149717192423,0.014382524965964174,0.030621100636909523,-0.2727272727272727,-0.016199005057899646,-0.11845653184565313,0.009453506106004813,-0.025002704373275716,-0.016030164742450642,0.009453506106004813,-0.025002704373275716,-0.016030164742450642,0
66,4116,225.395,226.75,792089.0,802658.0,94.81,77.34,2011-07-01,1.0,131615.0,133558.0,108.90796812749005,109.92788844621515,118.85587250996015,116.91955378486055,109.2351155378486,106.43390438247012,0.08,0.08,15587.125,15785.312,309.95,311.31,108.90796812749005,109.92788844621515,118.85587250996015,116.91955378486055,109.2351155378486,106.43390438247012,13337.0,13359.6,990295.0,1038289.0,2684801.0,2637757.0,7.0,1320.640015,1131.209961,94.6086,100.7613,2011.0,-0.14343806930611588,0.012714788647681975,-0.017522341506875184,0.00601166840435675,0.004387804484594334,0.04846434648261377,0.014762755005128594,0.0016945340031491612,0.013343197544720353,0.0,0.06503319994165446,-0.18426326336884294,0.009364974264611728,-0.025643870486024227,-0.01629131724170661,0.009364974264611728,-0.025643870486024227,-0.01629131724170661,0
67,4180,226.75,227.842,802658.0,823375.0,77.34,102.96,2011-10-03,3.0,133558.0,131113.0,109.92788844621515,110.9,116.91955378486055,115.074,106.43390438247012,103.764,0.08,0.07,15785.312,15973.881000000001,311.31,308.04,109.92788844621515,110.9,116.91955378486055,115.074,106.43390438247012,103.764,13359.6,13567.1,1038289.0,1098495.0,2637757.0,2640764.0,10.0,1131.209961,1258.859985,100.7613,99.9152,2011.0,0.11284379416811026,0.011945851941349105,0.0011399837058531169,0.004815876515986826,-0.010503999229064219,0.05798578237850926,-0.018306653289207685,0.015531902152759064,0.025810494631586554,-0.12499999999999993,-0.008397073082622067,0.33126454615981366,0.008843174989761447,-0.025085092931250774,-0.015784817210784886,0.008843174989761447,-0.025085092931250774,-0.015784817210784886,1
68,4241,227.842,229.187,823375.0,834951.0,102.96,105.25,2012-01-03,3.0,131113.0,133854.0,110.9,108.28167330677292,115.074,112.11899601593626,103.764,103.52662151394422,0.07,0.15,15973.881000000001,16121.851,308.04,306.79,110.9,108.28167330677292,115.074,112.11899601593626,103.764,103.52662151394422,13567.1,13801.1,1098495.0,1146150.0,2640764.0,2639850.0,1.0,1258.859985,1408.469971,99.9152,98.3848,2012.0,0.11884561252457312,0.009263246671237837,-0.00034611195850897696,0.005903213630498323,-0.004057914556551097,0.043382081848347055,0.020905631020570043,0.017247606341812178,0.014059207529983301,1.1428571428571426,-0.015316988806507921,0.022241647241647303,-0.023609798856871863,-0.0022876767092226092,-0.025679162834903946,-0.023609798856871863,-0.0022876767092226092,-0.025679162834903946,1
69,4303,229.187,228.59,834951.0,857301.0,105.25,83.72,2012-04-02,2.0,133854.0,133795.0,108.28167330677292,105.5788844621514,112.11899601593626,109.06866932270917,103.52662151394422,103.28158565737051,0.15,0.18,16121.851,16227.938999999998,306.79,310.76,108.28167330677292,105.5788844621514,112.11899601593626,109.06866932270917,103.52662151394422,103.28158565737051,13801.1,13808.8,1146150.0,1175634.0,2639850.0,2647752.0,4.0,1408.469971,1362.329956,98.3848,101.1814,2012.0,-0.032758962526720385,0.006580385837829534,0.0029933518949940337,-0.0026048597869862094,0.012940447863359204,0.025724381625441696,-0.00044077875894631466,0.0005579265420871458,0.026768037884857914,0.2,0.028425122579910696,-0.2045605700712589,-0.02496072291905066,-0.002366887405291239,-0.027206154189906656,-0.02496072291905066,-0.002366887405291239,-0.027206154189906656,0
70,4366,228.59,231.638,857301.0,870362.0,83.72,92.44,2012-07-02,2.0,133795.0,135649.0,105.5788844621514,102.91832669322709,109.06866932270917,106.06600398406374,103.28158565737051,103.04037848605577,0.18,0.15,16227.938999999998,16297.348999999998,310.76,313.26,105.5788844621514,102.91832669322709,109.06866932270917,106.06600398406374,103.28158565737051,103.04037848605577,13808.8,14076.0,1175634.0,1188167.0,2647752.0,2611775.0,7.0,1362.329956,1440.900024,101.1814,98.8473,2012.0,0.05767330275162796,0.004277191330334669,-0.013587752931543438,0.013333916619274692,0.008044793409705238,0.010660630774543779,0.0138570200680145,0.019349979723075193,0.015235022471687306,-0.16666666666666666,-0.023068469105981853,0.10415671285236501,-0.025199714720210747,-0.0023354324953426767,-0.027530044670859885,-0.025199714720210747,-0.0023354324953426767,-0.027530044670859885,1
71,4429,231.638,231.679,870362.0,857410.0,92.44,93.14,2012-10-01,1.0,135649.0,133081.0,102.91832669322709,100.3,106.06600398406374,103.111,103.04037848605577,102.803,0.15,0.17,16297.348999999998,16475.44,313.26,314.91,102.91832669322709,100.3,106.06600398406374,103.111,103.04037848605577,102.803,14076.0,13868.5,1188167.0,1197156.0,2611775.0,2741743.0,10.0,1440.900024,1426.189941,98.8473,98.7856,2012.0,-0.010208954649861218,0.010927605465158804,0.04976232638722708,0.00017700031946397748,0.00526719019344964,0.007565434825239213,-0.0189312121725925,-0.014741403807899971,-0.014881164389070296,0.13333333333333347,-0.0006241950968817749,0.007572479446127249,-0.02544082067163455,-0.0023037423730726952,-0.027860048206470773,-0.02544082067163455,-0.0023037423730726952,-0.027860048206470773,0
72,4489,231.679,231.797,857410.0,877799.0,93.14,97.1,2013-01-02,2.0,133081.0,135923.0,100.3,99.9597609561753,103.111,102.27741434262948,102.803,102.31378486055777,0.17,0.16,16475.44,16541.39,314.91,319.86,100.3,99.9597609561753,103.111,102.27741434262948,102.803,102.31378486055777,13868.5,13937.6,1197156.0,1234963.0,2741743.0,3011737.0,1.0,1426.189941,1569.180054,98.7856,100.327,2013.0,0.10026021702252338,0.004002927994639338,0.09847531296697028,0.0005093254028202599,0.015718776793369495,0.03158067954385226,0.021355415123120506,0.00498251433103799,0.023779755309595176,-0.058823529411764754,0.015603488767593616,0.04251664161477339,-0.003392213796856385,-0.004758763260237764,-0.008084352371430013,-0.003392213796856385,-0.004758763260237764,-0.008084352371430013,1
73,4549,231.797,232.9,877799.0,909513.0,97.1,97.94,2013-04-01,1.0,135923.0,136052.0,99.9597609561753,99.60278884462151,102.27741434262948,101.4028326693227,102.31378486055777,101.80050996015936,0.16,0.1,16541.39,16749.349,319.86,324.92,99.9597609561753,99.60278884462151,102.27741434262948,101.4028326693227,102.31378486055777,101.80050996015936,13937.6,14079.7,1234963.0,1243075.0,3011737.0,3290898.0,4.0,1569.180054,1609.780029,100.327,102.2172,2013.0,0.025873369277481326,0.012572038988259085,0.09269102846629702,0.004758474009586011,0.015819420996686057,0.006568617845230991,0.0009490667510281556,0.010195442543910025,0.03612899991911588,-0.375,0.018840391918426815,0.00865087538619983,-0.003571158115416986,-0.005016673961362593,-0.008551073361875659,-0.003571158115416986,-0.005016673961362593,-0.008551073361875659,1
74,4613,232.9,233.669,909513.0,937982.0,97.94,102.09,2013-07-01,1.0,136052.0,138019.0,99.60278884462151,99.24581673306773,101.4028326693227,100.52825099601594,101.80050996015936,101.28723505976096,0.1,0.08,16749.349,16999.888,324.92,327.71,99.60278884462151,99.24581673306773,101.4028326693227,100.52825099601594,101.80050996015936,101.28723505976096,14079.7,14176.3,1243075.0,1266481.0,3290898.0,3589515.0,7.0,1609.780029,1682.410034,102.2172,101.1519,2013.0,0.045117968723414933,0.014958133596714756,0.09074027818546791,0.003301846285959663,0.008586729040994594,0.01882911328761338,0.01445770734719078,0.006860941639381417,0.03130136677540618,-0.20000000000000004,-0.01042192507718865,0.042372881355932264,-0.003583956992516115,-0.005041967870291372,-0.00862482487209009,-0.003583956992516115,-0.005041967870291372,-0.00862482487209009,1
75,4677,233.669,235.347,937982.0,977072.0,102.09,95.14,2013-10-01,1.0,138019.0,135488.0,99.24581673306773,98.9,100.52825099601594,99.681,101.28723505976096,100.79,0.08,0.08,16999.888,17031.324,327.71,330.65,99.24581673306773,98.9,100.52825099601594,99.681,101.28723505976096,100.79,14176.3,14382.6,1266481.0,1294850.0,3589515.0,3728483.0,10.0,1682.410034,1845.859985,101.1519,102.0023,2013.0,0.09715226829180933,0.0018491886534782768,0.03871497960030812,0.0071810980489495704,0.008971346617436142,0.022399862295604908,-0.018338054905484028,0.01455245727023279,0.041674573712501946,0.0,0.008407157947601652,-0.06807718679596438,-0.0034844464426932223,-0.004909158192220149,-0.008427989024195018,-0.0034844464426932223,-0.004909158192220149,-0.008427989024195018,1
76,4739,235.347,236.463,977072.0,1002975.0,95.14,99.69,2014-01-02,2.0,135488.0,138325.0,98.9,98.9058326693227,99.681,100.62978087649402,100.79,101.74291235059762,0.08,0.08,17031.324,17320.921000000002,330.65,336.97,98.9,98.9058326693227,99.681,100.62978087649402,100.79,101.74291235059762,14382.6,14642.9,1294850.0,1350495.0,3728483.0,3930681.0,1.0,1845.859985,1873.959961,102.0023,102.5319,2014.0,0.015223243489944319,0.017003786669785716,0.05423063481850393,0.0047419342502771885,0.019113866626342207,0.042974089662895315,0.02093912376003779,0.01809825761684252,0.026510840552180392,0.0,0.00519203978733801,0.04782425898675633,5.8975422878667464e-05,0.009454433481472511,0.009518171732767798,5.8975422878667464e-05,0.009454433481472511,0.009518171732767798,1
77,4800,236.463,237.485,1002975.0,1004153.0,99.69,106.06,2014-04-01,1.0,138325.0,138745.0,98.9058326693227,98.91195219123506,100.62978087649402,101.62522310756972,101.74291235059762,102.7426892430279,0.08,0.1,17320.921000000002,17622.256999999998,336.97,341.87,98.9058326693227,98.91195219123506,100.62978087649402,101.62522310756972,101.74291235059762,102.7426892430279,14642.9,14848.9,1350495.0,1370328.0,3930681.0,3989084.0,4.0,1873.959961,1962.290039,102.5319,101.5656,2014.0,0.04713552041574273,0.01739722731833923,0.014858239577314974,0.004322029239246816,0.014541353829717711,0.01468572634478469,0.0030363274896078075,0.014068251507556563,0.0011745058451107953,0.25000000000000006,-0.009424384020972886,0.06389808406058788,6.187220457273793e-05,0.009826501614039983,0.009892123607994695,6.187220457273793e-05,0.009826501614039983,0.009892123607994695,1
78,4863,237.485,237.447,1004153.0,1029293.0,106.06,90.74,2014-07-01,1.0,138745.0,140866.0,98.91195219123506,98.91807171314741,101.62522310756972,102.62066533864541,102.7426892430279,103.74246613545817,0.1,0.09,17622.256999999998,17735.933,341.87,344.75,98.91195219123506,98.91807171314741,101.62522310756972,102.62066533864541,102.7426892430279,103.74246613545817,14848.9,15081.4,1370328.0,1392090.0,3989084.0,4001451.0,7.0,1962.290039,1971.439941,101.5656,105.9478,2014.0,0.0046628693099125046,0.006450706058821133,0.0031002104743845954,-0.0001600101059014713,0.008424254833708707,0.015880869397691646,0.015287037370716062,0.015657725488083293,0.025036025386569575,-0.10000000000000009,0.0431464984207251,-0.1444465396945126,6.186837663988188e-05,0.009730881095251465,0.00979522800183194,6.186837663988188e-05,0.009730881095251465,0.00979522800183194,1
79,4927,237.447,234.83599999999998,1029293.0,1049398.0,90.74,52.72,2014-10-01,1.0,140866.0,138511.0,98.91807171314741,98.92399999999999,102.62066533864541,103.585,103.74246613545817,104.711,0.09,0.12,17735.933,17874.715,344.75,348.17,98.91807171314741,98.92399999999999,102.62066533864541,103.585,103.74246613545817,104.711,15081.4,15240.2,1392090.0,1432090.0,4001451.0,4017103.0,10.0,1971.439941,2058.899902,105.9478,111.7093,2014.0,0.04436349248135681,0.007824905518080117,0.003911581073965419,-0.0109961380855518,0.009920232052211793,0.028733774396770325,-0.016718015702866552,0.010529526436537795,0.019532824958490926,0.3333333333333333,0.05438055344235555,-0.41899933877011236,5.993128201863142e-05,0.009335944099084705,0.009397080579942707,5.993128201863142e-05,0.009335944099084705,0.009397080579942707,1
80,4989,234.83599999999998,236.165,1049398.0,1106181.0,52.72,50.12,2015-01-02,2.0,138511.0,141283.0,98.92399999999999,96.71341832669322,103.585,101.73409960159361,104.711,105.22767729083665,0.12,0.12,17874.715,18093.224,348.17,354.4,98.92399999999999,96.71341832669322,103.585,101.73409960159361,104.711,105.22767729083665,15240.2,15441.6,1432090.0,1471819.0,4017103.0,4059374.0,1.0,2058.899902,2067.6298829999996,111.7093,115.7077,2015.0,0.004240119197402098,0.012224474627986974,0.010522757320387354,0.00565926859595636,0.01789355774477974,0.02774197152413605,0.020012850964905314,0.013215049671264132,0.05411007072626401,0.0,0.035792901754822595,-0.049317147192716265,-0.022346262517758855,0.004934317223946424,-0.01786842108805697,-0.022346262517758855,0.004934317223946424,-0.01786842108805697,1
81,5050,236.165,237.993,1106181.0,1135772.0,50.12,56.94,2015-04-01,1.0,141283.0,141747.0,96.71341832669322,94.39411952191234,101.73409960159361,99.79217131474103,105.22767729083665,105.76976494023904,0.12,0.13,18093.224,18227.689,354.4,359.91,96.71341832669322,94.39411952191234,101.73409960159361,99.79217131474103,105.22767729083665,105.76976494023904,15441.6,15586.6,1471819.0,1495236.0,4059374.0,3961217.0,4.0,2067.6298829999996,2067.0,115.7077,115.8039,2015.0,-0.00030464011241977624,0.007431787723404085,-0.024180329282298206,0.007740351025765897,0.015547404063205553,0.015910244398258208,0.0032841884727815803,0.009390218630193762,0.02675059506536453,0.08333333333333341,0.0008314053429460275,0.136073423782921,-0.023981148065167057,0.005151569086753906,-0.019088273199030382,-0.023981148065167057,0.005151569086753906,-0.019088273199030382,0
82,5113,237.993,237.764,1135772.0,1121438.0,56.94,44.75,2015-07-01,1.0,141747.0,143645.0,94.39411952191234,92.07482071713146,99.79217131474103,97.85024302788844,105.76976494023904,106.31185258964143,0.13,0.13,18227.689,18287.226000000002,359.91,363.24,94.39411952191234,92.07482071713146,99.79217131474103,97.85024302788844,105.76976494023904,106.31185258964143,15586.6,15751.7,1495236.0,1519423.0,3961217.0,4060469.0,7.0,2067.0,1919.6500239999998,115.8039,120.2147,2015.0,-0.07128687760038713,0.003266294481983092,0.025055936092367573,-0.0009622131743369973,0.009252313078269523,0.01617604177534516,0.013390054110492638,0.010592431960786852,-0.012620490732294862,0.0,0.03808852724303754,-0.2140850017562346,-0.024570373838197525,0.005125166437768628,-0.019459725760729393,-0.024570373838197525,0.005125166437768628,-0.019459725760729393,0
83,5177,237.764,237.99,1121438.0,1140032.0,44.75,36.81,2015-10-01,1.0,143645.0,141088.0,92.07482071713146,89.82799999999999,97.85024302788844,95.969,106.31185258964143,106.837,0.13,0.36,18287.226000000002,18325.186999999998,363.24,366.65,92.07482071713146,89.82799999999999,97.85024302788844,95.969,106.31185258964143,106.837,15751.7,15752.9,1519423.0,1554176.0,4060469.0,3792723.0,10.0,1919.6500239999998,2038.199951,120.2147,123.5233,2015.0,0.06175601047996042,0.0020758205755206224,-0.06593967347121724,0.0009505223667165722,0.009387732628565048,0.02287249831021381,-0.017800828431201923,7.618225334401421e-05,0.01658049753976591,1.769230769230769,0.027522424462233096,-0.1774301675977653,-0.0244021188380487,0.004939688262094483,-0.01922573689829538,-0.0244021188380487,0.004939688262094483,-0.01922573689829538,1
84,5239,237.99,238.843,1140032.0,1166651.0,36.81,35.36,2016-01-04,4.0,141088.0,143909.0,89.82799999999999,91.52003187250995,95.969,96.26961354581672,106.837,105.27810756972112,0.36,0.37,18325.186999999998,18538.039,366.65,373.98,89.82799999999999,91.52003187250995,95.969,96.26961354581672,106.837,105.27810756972112,15752.9,15861.6,1554176.0,1608444.0,3792723.0,3872940.0,1.0,2038.199951,2056.6201170000004,123.5233,119.4647,2016.0,0.009037467590440705,0.011615270283463007,0.02115023955084513,0.0035841842094204808,0.019991817809900562,0.034917538296820955,0.01999461329099569,0.006900316767071506,0.023349344579801267,0.027777777777777804,-0.03285695897049393,-0.03939146970931819,0.018836352501558067,-0.014591316026085422,0.003132402607266208,0.018836352501558067,-0.014591316026085422,0.003132402607266208,1
85,5300,238.843,240.058,1166651.0,1189799.0,35.36,49.02,2016-04-01,1.0,143909.0,144248.0,91.52003187250995,93.26664541832669,96.26961354581672,96.57992430278884,105.27810756972112,103.66892828685259,0.37,0.41,18538.039,18729.13,373.98,380.64,91.52003187250995,93.26664541832669,96.26961354581672,96.57992430278884,105.27810756972112,103.66892828685259,15861.6,16016.0,1608444.0,1599751.0,3872940.0,3772544.0,4.0,2056.6201170000004,2099.340088,119.4647,120.8807,2016.0,0.02077193092048293,0.010308048224518265,-0.02592242585735901,0.005087023693388559,0.01780843895395467,-0.0054046022118270825,0.0023556553099528172,0.009734200837242121,0.019841409298924872,0.10810810810810806,0.011852873694070391,0.38631221719457026,0.019084494509899495,-0.015285032377722356,0.003223351019524258,0.019084494509899495,-0.015285032377722356,0.003223351019524258,1
86,5364,240.058,241.667,1189799.0,1206574.0,49.02,48.8,2016-07-01,1.0,144248.0,146049.0,93.26664541832669,95.01325896414342,96.57992430278884,96.89023505976095,103.66892828685259,102.05974900398407,0.41,0.4,18729.13,18905.545,380.64,384.21,93.26664541832669,95.01325896414342,96.57992430278884,96.89023505976095,103.66892828685259,102.05974900398407,16016.0,16035.4,1599751.0,1622098.0,3772544.0,3572132.0,7.0,2099.340088,2164.330078,120.8807,121.6635,2016.0,0.030957342438935047,0.009419284291368431,-0.053123833678281815,0.0067025468845029485,0.00937894073139973,0.013969048933240236,0.012485441739226886,0.0012112887112886886,0.014099020086586053,-0.02439024390243891,0.006475806311512049,-0.004487964096287351,0.018727097323836234,-0.015522291099758598,0.0032129944107147546,0.018727097323836234,-0.015522291099758598,0.0032129944107147546,1
87,5428,241.667,244.028,1206574.0,1223501.0,48.8,52.36,2016-10-03,3.0,146049.0,143393.0,95.01325896414342,96.678,96.89023505976095,97.186,102.05974900398407,100.52600000000001,0.4,0.66,18905.545,19057.705,384.21,388.19,95.01325896414342,96.678,96.89023505976095,97.186,102.05974900398407,100.52600000000001,16035.4,16173.5,1622098.0,1629432.0,3572132.0,3595455.0,10.0,2164.330078,2251.570068,121.6635,128.7853,2016.0,0.040308080032143805,0.008048432351461092,0.006529154017824649,0.009769641697045894,0.01035891829988813,0.004521305124597897,-0.018185677409636492,0.008612195517417737,0.014028977915983603,0.65,0.05853686602801997,0.0729508196721312,0.017521144459267814,-0.015027951949246747,0.003052577383640653,0.017521144459267814,-0.015027951949246747,0.003052577383640653,1
88,5489,244.028,244.08700000000002,1223501.0,1217658.0,52.36,50.25,2017-01-03,3.0,143393.0,146101.0,96.678,98.221304,97.186,99.63996,100.52600000000001,101.403176,0.66,0.91,19057.705,19250.009,388.19,398.52,96.678,98.221304,97.186,99.63996,100.52600000000001,101.403176,16173.5,16314.4,1629432.0,1654470.0,3595455.0,3821697.0,1.0,2251.570068,2362.340088,128.7853,124.2095,2017.0,0.04919679008630343,0.01009061689222267,0.06292444210816156,0.00024177553395522613,0.02661068033694836,0.015366090760461314,0.018885161758244822,0.008711781618078934,-0.0047756397420190095,0.3787878787878788,-0.035530452621533676,-0.04029793735676088,0.0159633422288422,0.008725861966058446,0.02525013890889629,0.0159633422288422,0.008725861966058446,0.02525013890889629,1
89,5551,244.08700000000002,244.236,1217658.0,1215351.0,50.25,46.02,2017-04-03,3.0,146101.0,146486.0,98.221304,99.814392,99.63996,102.17308,101.403176,102.308648,0.91,1.16,19250.009,19500.602,398.52,405.06,98.221304,99.814392,99.63996,102.17308,101.403176,102.308648,16314.4,16412.9,1654470.0,1646126.0,3821697.0,3795430.0,4.0,2362.340088,2431.389893,124.2095,121.7897,2017.0,0.029229409156942734,0.013017812095568411,-0.006873124687802303,0.0006104380815036134,0.016410719662752236,-0.005043306920040859,0.0026351633459045453,0.006037610944932196,-0.0018946206570317774,0.2747252747252746,-0.019481601648827257,-0.08417910447761187,0.016219373344910942,0.008929424459052477,0.02542273200430828,0.016219373344910942,0.008929424459052477,0.02542273200430828,1
90,5614,244.236,246.583,1215351.0,1237649.0,46.02,50.59,2017-07-03,3.0,146486.0,148203.0,99.814392,101.38258800000001,102.17308,104.66662000000001,102.308648,103.19997199999999,1.16,1.16,19500.602,19754.102,405.06,408.93,99.814392,101.38258800000001,102.17308,104.66662000000001,102.308648,103.19997199999999,16412.9,16600.2,1646126.0,1665474.0,3795430.0,3829910.0,7.0,2431.389893,2521.199951,121.7897,119.5755,2017.0,0.036937744233684705,0.012999598679056165,0.009084609648972581,0.009609557968522284,0.009554140127388547,0.011753656767464945,0.011721256638859687,0.011411755387530495,0.0183469631406894,0.0,-0.018180519370685627,0.09930465015210778,0.015711121097647066,0.008712108090803654,0.02440505855358388,0.015711121097647066,0.008712108090803654,0.02440505855358388,1
